<NewDataSet>
  <xs:schema id="NewDataSet" xmlns="" xmlns:xs="http://www.w3.org/2001/XMLSchema" xmlns:msdata="urn:schemas-microsoft-com:xml-msdata" xmlns:msprop="urn:schemas-microsoft-com:xml-msprop">
    <xs:element name="NewDataSet" msdata:IsDataSet="true" msdata:UseCurrentLocale="true" msdata:IsReadOnly="False">
      <xs:complexType>
        <xs:choice minOccurs="0" maxOccurs="unbounded">
          <xs:element name="CMS_WebTemplate" msprop:IsFromCMSDatabase="True">
            <xs:complexType>
              <xs:sequence>
                <xs:element name="WebTemplateID" type="xs:int" minOccurs="0" />
                <xs:element name="WebTemplateDisplayName" type="xs:string" minOccurs="0" />
                <xs:element name="WebTemplateFileName" type="xs:string" minOccurs="0" />
                <xs:element name="WebTemplateDescription" type="xs:string" minOccurs="0" />
                <xs:element name="WebTemplateGUID" msdata:DataType="System.Guid, mscorlib, Version=4.0.0.0, Culture=neutral, PublicKeyToken=b77a5c561934e089" type="xs:string" minOccurs="0" />
                <xs:element name="WebTemplateLastModified" type="xs:dateTime" minOccurs="0" />
                <xs:element name="WebTemplateName" type="xs:string" minOccurs="0" />
                <xs:element name="WebTemplateOrder" type="xs:int" minOccurs="0" />
                <xs:element name="WebTemplateLicenses" type="xs:string" minOccurs="0" />
                <xs:element name="WebTemplateThumbnailGUID" msdata:DataType="System.Guid, mscorlib, Version=4.0.0.0, Culture=neutral, PublicKeyToken=b77a5c561934e089" type="xs:string" minOccurs="0" />
                <xs:element name="WebTemplateShortDescription" type="xs:string" minOccurs="0" />
              </xs:sequence>
            </xs:complexType>
          </xs:element>
        </xs:choice>
      </xs:complexType>
    </xs:element>
  </xs:schema>
  <CMS_WebTemplate>
    <WebTemplateID>21</WebTemplateID>
    <WebTemplateDisplayName>Blank Site</WebTemplateDisplayName>
    <WebTemplateFileName>~\App_Data\Templates\BlankSite</WebTemplateFileName>
    <WebTemplateDescription>{$webtemplate.blanksite.description$}</WebTemplateDescription>
    <WebTemplateGUID>1925540f-4765-4159-8f1a-cd8c28f35ad9</WebTemplateGUID>
    <WebTemplateLastModified>2020-03-29T08:31:30.2888154+02:00</WebTemplateLastModified>
    <WebTemplateName>BlankSite</WebTemplateName>
    <WebTemplateOrder>1</WebTemplateOrder>
    <WebTemplateLicenses>F;B;N;X;V</WebTemplateLicenses>
    <WebTemplateThumbnailGUID>a928c1d2-1bcd-459c-abcb-9f5a08978017</WebTemplateThumbnailGUID>
    <WebTemplateShortDescription>The Blank Site provides a template for creating a new web sites from scratch.</WebTemplateShortDescription>
  </CMS_WebTemplate>
</NewDataSet>