<NewDataSet>
  <xs:schema id="NewDataSet" xmlns="" xmlns:xs="http://www.w3.org/2001/XMLSchema" xmlns:msdata="urn:schemas-microsoft-com:xml-msdata" xmlns:msprop="urn:schemas-microsoft-com:xml-msprop">
    <xs:element name="NewDataSet" msdata:IsDataSet="true" msdata:UseCurrentLocale="true" msdata:IsReadOnly="False">
      <xs:complexType>
        <xs:choice minOccurs="0" maxOccurs="unbounded">
          <xs:element name="CMS_Transformation" msprop:IsFromCMSDatabase="True">
            <xs:complexType>
              <xs:sequence>
                <xs:element name="TransformationID" type="xs:int" minOccurs="0" />
                <xs:element name="TransformationName" type="xs:string" minOccurs="0" />
                <xs:element name="TransformationCode" type="xs:string" minOccurs="0" />
                <xs:element name="TransformationType" type="xs:string" minOccurs="0" />
                <xs:element name="TransformationClassID" type="xs:int" minOccurs="0" />
                <xs:element name="TransformationVersionGUID" type="xs:string" minOccurs="0" />
                <xs:element name="TransformationGUID" msdata:DataType="System.Guid, mscorlib, Version=4.0.0.0, Culture=neutral, PublicKeyToken=b77a5c561934e089" type="xs:string" minOccurs="0" />
                <xs:element name="TransformationLastModified" type="xs:dateTime" minOccurs="0" />
                <xs:element name="TransformationIsHierarchical" type="xs:boolean" minOccurs="0" />
                <xs:element name="TransformationHierarchicalXML" type="xs:string" minOccurs="0" />
                <xs:element name="TransformationCSS" type="xs:string" minOccurs="0" />
              </xs:sequence>
            </xs:complexType>
          </xs:element>
        </xs:choice>
      </xs:complexType>
    </xs:element>
  </xs:schema>
  <CMS_Transformation>
    <TransformationID>676</TransformationID>
    <TransformationName>Attachment</TransformationName>
    <TransformationCode>&lt;div&gt;
&lt;a target="_blank" href="&lt;%# GetAbsoluteUrl(GetAttachmentUrl(Eval("AttachmentName"), Eval("NodeAliasPath")), Eval&lt;int&gt;("AttachmentSiteID")) %&gt;"&gt;
&lt;%# IfCompare(ImageHelper.IsImage(Eval&lt;string&gt;("AttachmentExtension")), true, GetAttachmentIcon("AttachmentGUID"), "&lt;img style=\"border: none;\" src=\"" + GetAbsoluteUrl(GetAttachmentUrl(Eval("AttachmentName"), Eval("NodeAliasPath")), Eval&lt;int&gt;("AttachmentSiteID")) + "?maxsidesize=150\" alt=\"" + Eval("AttachmentName", true) + "\" /&gt;") %&gt;
&lt;/a&gt;
&lt;%# IfCompare(ImageHelper.IsImage(Eval&lt;string&gt;("AttachmentExtension")), true, "&lt;br /&gt;" + ResHelper.GetString("attach.openfile"), "") %&gt;
&lt;br /&gt;
&lt;%# Eval("AttachmentName",true) %&gt;
&lt;br /&gt;
&lt;/div&gt;</TransformationCode>
    <TransformationType>ascx</TransformationType>
    <TransformationClassID>1095</TransformationClassID>
    <TransformationVersionGUID>ff9ca2ed-2cdd-45f2-be6e-485aec787dbc</TransformationVersionGUID>
    <TransformationGUID>6eba21c8-7c1a-49a6-937e-974627c9224b</TransformationGUID>
    <TransformationLastModified>2017-12-12T16:21:04.2512219+01:00</TransformationLastModified>
    <TransformationIsHierarchical>false</TransformationIsHierarchical>
    <TransformationHierarchicalXML />
    <TransformationCSS xml:space="preserve">
</TransformationCSS>
  </CMS_Transformation>
  <CMS_Transformation>
    <TransformationID>1739</TransformationID>
    <TransformationName>AttachmentCarousel3D</TransformationName>
    <TransformationCode>&lt;%# IfCompare(ImageHelper.IsImage(Eval&lt;string&gt;("AttachmentExtension")), true,

"&lt;div style=\"text-align:center;width: 350px;\"&gt;&lt;div style=\"font-size: 11px;line-height: 12px;position:relative;z-index:1000;margin:auto;width:140px;\"&gt;&lt;a target=\"_blank\" href=\"" + GetAbsoluteUrl(GetAttachmentUrl(Eval("AttachmentName"), Eval("NodeAliasPath")), Eval&lt;int&gt;("AttachmentSiteID")) + "\"&gt;" + GetAttachmentIcon("AttachmentGUID") + "&lt;/a&gt;&lt;p&gt;" + ResHelper.GetString("attach.openfile") + "&lt;/p&gt;&lt;/div&gt;&lt;/div&gt;",

"&lt;img src=\"" + GetAbsoluteUrl(GetAttachmentUrl(Eval("AttachmentName"), Eval("NodeAliasPath")), Eval&lt;int&gt;("AttachmentSiteID")) + "?maxsidesize=150\" class=\"cloudcarousel3d\" alt=\"" + Eval("AttachmentTitle", true) + "\" title=\"" + Eval("AttachmentDescription", true) + "\" /&gt;") %&gt;</TransformationCode>
    <TransformationType>ascx</TransformationType>
    <TransformationClassID>1095</TransformationClassID>
    <TransformationVersionGUID>8dcb275c-10bf-4fbb-b4fa-9a73b4cc1b62</TransformationVersionGUID>
    <TransformationGUID>49c7568b-113e-41eb-b183-4712344811a3</TransformationGUID>
    <TransformationLastModified>2017-12-12T16:21:04.2667201+01:00</TransformationLastModified>
    <TransformationIsHierarchical>false</TransformationIsHierarchical>
    <TransformationHierarchicalXML />
    <TransformationCSS xml:space="preserve">
</TransformationCSS>
  </CMS_Transformation>
  <CMS_Transformation>
    <TransformationID>841</TransformationID>
    <TransformationName>AttachmentList</TransformationName>
    <TransformationCode>&lt;div&gt;
&lt;%# GetAttachmentIcon("AttachmentGUID") %&gt;
&lt;a target="_blank" href="&lt;%# GetAbsoluteUrl(GetAttachmentUrl(Eval("AttachmentName"), Eval("NodeAliasPath")), EvalInteger("AttachmentSiteID")) %&gt;"&gt;
&lt;%# Eval("AttachmentName",true) %&gt;
&lt;/a&gt;
&lt;/div&gt;</TransformationCode>
    <TransformationType>ascx</TransformationType>
    <TransformationClassID>1095</TransformationClassID>
    <TransformationVersionGUID>be972f20-7b75-47df-9e6a-046d227427fd</TransformationVersionGUID>
    <TransformationGUID>4455961a-e81f-419b-8a68-19d1cdcef2a1</TransformationGUID>
    <TransformationLastModified>2017-12-12T16:21:04.2848508+01:00</TransformationLastModified>
    <TransformationIsHierarchical>false</TransformationIsHierarchical>
    <TransformationHierarchicalXML />
    <TransformationCSS xml:space="preserve">
</TransformationCSS>
  </CMS_Transformation>
  <CMS_Transformation>
    <TransformationID>415</TransformationID>
    <TransformationName>CategoryList</TransformationName>
    <TransformationCode>&lt;asp:PlaceHolder ID="plcCategoryList" runat="server" EnableViewState="false"&gt;&lt;/asp:PlaceHolder&gt;&lt;br /&gt;
</TransformationCode>
    <TransformationType>ascx</TransformationType>
    <TransformationClassID>1095</TransformationClassID>
    <TransformationVersionGUID>3daf0f2f-4b82-4848-ba00-d26fcb6e8d05</TransformationVersionGUID>
    <TransformationGUID>4b6c6f44-ac26-45c1-920f-df48f92e94d0</TransformationGUID>
    <TransformationLastModified>2017-03-03T13:32:56.9301526+01:00</TransformationLastModified>
    <TransformationIsHierarchical>false</TransformationIsHierarchical>
    <TransformationHierarchicalXML />
    <TransformationCSS />
  </CMS_Transformation>
  <CMS_Transformation>
    <TransformationID>2226</TransformationID>
    <TransformationName>Empty</TransformationName>
    <TransformationCode />
    <TransformationType>ascx</TransformationType>
    <TransformationClassID>1095</TransformationClassID>
    <TransformationVersionGUID>679bd9ab-b211-4b75-8a62-053c18c3c2b0</TransformationVersionGUID>
    <TransformationGUID>8fe2f25d-5319-4c07-a9a1-1cc8c70aecdb</TransformationGUID>
    <TransformationLastModified>2017-03-03T13:32:57.1036522+01:00</TransformationLastModified>
    <TransformationIsHierarchical>false</TransformationIsHierarchical>
    <TransformationHierarchicalXML />
    <TransformationCSS />
  </CMS_Transformation>
  <CMS_Transformation>
    <TransformationID>3371</TransformationID>
    <TransformationName>Parameters</TransformationName>
    <TransformationCode>&lt;br /&gt;</TransformationCode>
    <TransformationType>text</TransformationType>
    <TransformationClassID>1095</TransformationClassID>
    <TransformationVersionGUID>0968b31c-c73a-4101-8a85-e086bc475027</TransformationVersionGUID>
    <TransformationGUID>14585af1-bf3a-4b68-8ad1-3aa5f40dda92</TransformationGUID>
    <TransformationLastModified>2017-03-03T13:32:57.249424+01:00</TransformationLastModified>
    <TransformationIsHierarchical>false</TransformationIsHierarchical>
    <TransformationHierarchicalXML />
    <TransformationCSS />
  </CMS_Transformation>
  <CMS_Transformation>
    <TransformationID>283</TransformationID>
    <TransformationName>Print</TransformationName>
    <TransformationCode>&lt;h3&gt;Print transformation is missing&lt;/h3&gt;
&lt;div&gt;The transformation of the current page type is missing. You have to define the transformation in the Page types application.&lt;/div&gt;</TransformationCode>
    <TransformationType>text</TransformationType>
    <TransformationClassID>1095</TransformationClassID>
    <TransformationVersionGUID>384abed1-02c6-4578-81c6-49f7c40ad07f</TransformationVersionGUID>
    <TransformationGUID>dfba986c-38de-431c-89df-8ad3e8c7b451</TransformationGUID>
    <TransformationLastModified>2017-03-03T13:32:57.2879355+01:00</TransformationLastModified>
    <TransformationIsHierarchical>false</TransformationIsHierarchical>
    <TransformationHierarchicalXML />
    <TransformationCSS />
  </CMS_Transformation>
  <CMS_Transformation>
    <TransformationID>20</TransformationID>
    <TransformationName>SearchResults</TransformationName>
    <TransformationCode>&lt;div class="SearchResult"&gt;
  &lt;div class="ResultTitle"&gt;
    &lt;%# IfEmpty(Eval("SearchResultName",true), "/", Eval("SearchResultName",true)) %&gt;
  &lt;/div&gt;
&lt;/div&gt;
</TransformationCode>
    <TransformationType>ascx</TransformationType>
    <TransformationClassID>1095</TransformationClassID>
    <TransformationVersionGUID>c8d8d098-92e0-45df-9bcd-e35ce8d5b24d</TransformationVersionGUID>
    <TransformationGUID>a3c543c8-b855-4acd-9c03-9302a02f8f74</TransformationGUID>
    <TransformationLastModified>2020-03-29T08:32:00.9643908+02:00</TransformationLastModified>
    <TransformationIsHierarchical>false</TransformationIsHierarchical>
    <TransformationHierarchicalXML />
    <TransformationCSS />
  </CMS_Transformation>
  <CMS_Transformation>
    <TransformationID>3803</TransformationID>
    <TransformationName>SmartSearchPredictiveResults</TransformationName>
    <TransformationCode>&lt;a style="display: block; color: black" href='&lt;%# SearchResultUrl() %&gt;'&gt;
  &lt;%# HTMLHelper.HTMLEncode(DataHelper.GetNotEmpty(Eval("Title"), "/")) %&gt;
&lt;/a&gt;</TransformationCode>
    <TransformationType>ascx</TransformationType>
    <TransformationClassID>1095</TransformationClassID>
    <TransformationVersionGUID>261111f3-2bc6-46da-9278-a3b9ae1b6c94</TransformationVersionGUID>
    <TransformationGUID>9ef70277-4b54-4e5c-9956-71963ad6d4b1</TransformationGUID>
    <TransformationLastModified>2017-03-03T13:32:57.4194728+01:00</TransformationLastModified>
    <TransformationIsHierarchical>false</TransformationIsHierarchical>
    <TransformationCSS />
  </CMS_Transformation>
  <CMS_Transformation>
    <TransformationID>801</TransformationID>
    <TransformationName>SmartSearchResults</TransformationName>
    <TransformationCode>&lt;div style="margin-bottom: 30px;"&gt;
        &lt;%-- Search result title --%&gt;
        &lt;div&gt;
            &lt;a style="font-weight: bold" href='&lt;%# SearchResultUrl() %&gt;'&gt;
                &lt;%#SearchHighlight(HTMLHelper.HTMLEncode(CMS.Base.Web.UI.ControlsHelper.RemoveDynamicControls(DataHelper.GetNotEmpty(Eval("Title"), "/"))), "&lt;span style='font-weight:bold;'&gt;", "&lt;/span&gt;")%&gt;
          &lt;/a&gt;
        &lt;/div&gt;
        &lt;%-- Search result content --%&gt;
        &lt;div style="margin-top: 5px; width: 590px;"&gt;
            &lt;%#SearchHighlight(HTMLHelper.HTMLEncode(TextHelper.LimitLength(HttpUtility.HtmlDecode(HTMLHelper.StripTags(CMS.Base.Web.UI.ControlsHelper.RemoveDynamicControls(GetSearchedContent(DataHelper.GetNotEmpty(Eval("Content"), ""))), false, true, " ", "@", "")), 280, "...")), "&lt;span style='background-color: #FEFF8F'&gt;", "&lt;/span&gt;")%&gt;&lt;br /&gt;
        &lt;/div&gt;
        &lt;%-- Relevance, URL, Creattion --%&gt;
        &lt;div style="margin-top: 5px;"&gt;
            &lt;%-- Relevance --%&gt;
            &lt;div title="Relevance: &lt;%# Convert.ToInt32(ValidationHelper.GetDouble(Eval("Score"), 0) * 100) %&gt;%"
                style="width: 50px; border: solid 1px #aaaaaa; margin-top: 7px; margin-right: 6px; float: left; color: #0000ff; font-size: 2pt; line-height: 4px; height: 4px;"&gt;
                &lt;div style='&lt;%# "background-color:#a7d3a7;width:" + Convert.ToString(Convert.ToInt32(ValidationHelper.GetDouble(Eval("Score"), 0) * 50)) + "px;height:4px;line-height: 4px;" %&gt;'&gt;
                &lt;/div&gt;
            &lt;/div&gt;
            &lt;%-- URL --%&gt;
            &lt;span style="color: #008000"&gt;
                &lt;%# SearchHighlight(SearchResultUrl(),"&lt;strong&gt;","&lt;/strong&gt;")%&gt;
            &lt;/span&gt;
            &lt;%-- Creation --%&gt;
            &lt;span style="color: #888888; font-size: 9pt"&gt;
                &lt;%# GetDateTimeString(ValidationHelper.GetDateTime(Eval("Created"), DateTimeHelper.ZERO_TIME), true) %&gt;
            &lt;/span&gt;
        &lt;/div&gt;
    &lt;/div&gt;</TransformationCode>
    <TransformationType>ascx</TransformationType>
    <TransformationClassID>1095</TransformationClassID>
    <TransformationVersionGUID>30a6cb9e-7747-4f6a-a864-5e9a82f9cebc</TransformationVersionGUID>
    <TransformationGUID>63b96721-59ae-4462-a842-10fedfc282e1</TransformationGUID>
    <TransformationLastModified>2017-03-03T13:32:57.4499202+01:00</TransformationLastModified>
    <TransformationIsHierarchical>false</TransformationIsHierarchical>
    <TransformationHierarchicalXML />
    <TransformationCSS xml:space="preserve">
</TransformationCSS>
  </CMS_Transformation>
  <CMS_Transformation>
    <TransformationID>846</TransformationID>
    <TransformationName>SmartSearchResultsWithImages</TransformationName>
    <TransformationCode>&lt;div style="margin-bottom: 30px;"&gt;
  &lt;%-- Search result image --%&gt;
        &lt;div style="float: left; border: solid 1px #eeeeee; width: 90px; height:90px; margin-right: 5px;"&gt;
           &lt;img src="&lt;%# GetSearchImageUrl("/CMSModules/CMS_SmartSearch/no_image.gif",90) %&gt;" alt="" /&gt;
        &lt;/div&gt;
        &lt;div style="float: left"&gt;
            &lt;%-- Search result title --%&gt;
            &lt;div&gt;
                &lt;a style="font-weight: bold" href='&lt;%# SearchResultUrl() %&gt;'&gt;
                    &lt;%#SearchHighlight(HTMLHelper.HTMLEncode(CMS.Base.Web.UI.ControlsHelper.RemoveDynamicControls(DataHelper.GetNotEmpty(Eval("Title"), "/"))), "&lt;span style='font-weight:bold;'&gt;", "&lt;/span&gt;")%&gt;
                &lt;/a&gt;
            &lt;/div&gt;
            &lt;%-- Search result content --%&gt;
            &lt;div style="margin-top: 5px; width: 590px;min-height:40px"&gt;
                &lt;%#SearchHighlight(HTMLHelper.HTMLEncode(TextHelper.LimitLength(HttpUtility.HtmlDecode(HTMLHelper.StripTags(CMS.Base.Web.UI.ControlsHelper.RemoveDynamicControls(GetSearchedContent(DataHelper.GetNotEmpty(Eval("Content"), ""))), false, true, " ", "@", "")), 280, "...")), "&lt;span style='background-color: #FEFF8F'&gt;", "&lt;/span&gt;")%&gt;&lt;br /&gt;
            &lt;/div&gt;
            &lt;%-- Relevance, URL, Creattion --%&gt;
            &lt;div style="margin-top: 5px;"&gt;
                &lt;%-- Relevance --%&gt;
                &lt;div title="Relevance: &lt;%# Convert.ToInt32(ValidationHelper.GetDouble(Eval("Score"), 0) * 100) %&gt;%"
                    style="width: 50px; border: solid 1px #aaaaaa; margin-top: 7px; margin-right: 6px;
                    float: left; color: #0000ff; font-size: 2pt; line-height: 4px; height: 4px;"&gt;
                    &lt;div style="&lt;%# "background-color:#a7d3a7;width:" + Convert.ToString(Convert.ToInt32(ValidationHelper.GetDouble(Eval("Score"), 0) * 50)) + "px;height:4px;line-height: 4px;" %&gt;"&gt;
                    &lt;/div&gt;
                &lt;/div&gt;
                &lt;%-- URL --%&gt;
                &lt;span style="color: #008000"&gt;
                    &lt;%# TextHelper.BreakLine(SearchHighlight(SearchResultUrl(),"&lt;strong&gt;","&lt;/strong&gt;"),75,"&lt;br /&gt;") %&gt;
                &lt;/span&gt;
                &lt;%-- Creation --%&gt;
                &lt;span style="padding-left:5px;color: #888888; font-size: 9pt"&gt;
                    &lt;%# GetDateTimeString(ValidationHelper.GetDateTime(Eval("Created"), DateTimeHelper.ZERO_TIME), true) %&gt;
                &lt;/span&gt;
            &lt;/div&gt;
        &lt;/div&gt;
        &lt;div style="clear: both"&gt;
        &lt;/div&gt;
    &lt;/div&gt;</TransformationCode>
    <TransformationType>ascx</TransformationType>
    <TransformationClassID>1095</TransformationClassID>
    <TransformationVersionGUID>cecd4897-55f2-4a46-a69e-94314c2e37d3</TransformationVersionGUID>
    <TransformationGUID>fa253f7c-6705-4995-bb27-96c0042dee5b</TransformationGUID>
    <TransformationLastModified>2017-03-03T13:32:57.4796081+01:00</TransformationLastModified>
    <TransformationIsHierarchical>false</TransformationIsHierarchical>
    <TransformationHierarchicalXML />
    <TransformationCSS />
  </CMS_Transformation>
</NewDataSet>