<NewDataSet>
  <xs:schema id="NewDataSet" xmlns="" xmlns:xs="http://www.w3.org/2001/XMLSchema" xmlns:msdata="urn:schemas-microsoft-com:xml-msdata" xmlns:msprop="urn:schemas-microsoft-com:xml-msprop">
    <xs:element name="NewDataSet" msdata:IsDataSet="true" msdata:UseCurrentLocale="true" msdata:IsReadOnly="False">
      <xs:complexType>
        <xs:choice minOccurs="0" maxOccurs="unbounded">
          <xs:element name="CMS_AutomationTemplate" msprop:IsFromCMSDatabase="True">
            <xs:complexType>
              <xs:sequence>
                <xs:element name="TemplateID" type="xs:int" minOccurs="0" />
                <xs:element name="TemplateDisplayName" type="xs:string" minOccurs="0" />
                <xs:element name="TemplateDescription" type="xs:string" minOccurs="0" />
                <xs:element name="TemplateIconClass" type="xs:string" minOccurs="0" />
                <xs:element name="TemplateConfiguration" type="xs:string" minOccurs="0" />
                <xs:element name="TemplateGuid" msdata:DataType="System.Guid, mscorlib, Version=4.0.0.0, Culture=neutral, PublicKeyToken=b77a5c561934e089" type="xs:string" minOccurs="0" />
                <xs:element name="TemplateLastModified" type="xs:dateTime" minOccurs="0" />
              </xs:sequence>
            </xs:complexType>
          </xs:element>
        </xs:choice>
      </xs:complexType>
    </xs:element>
  </xs:schema>
  <CMS_AutomationTemplate>
    <TemplateID>1</TemplateID>
    <TemplateDisplayName>{$ma.template.abandonedcart$}</TemplateDisplayName>
    <TemplateDescription>{$ma.template.abandonedcart.description$}</TemplateDescription>
    <TemplateIconClass>icon-shopping-cart</TemplateIconClass>
    <TemplateConfiguration>&lt;TemplateConfiguration xmlns:i="http://www.w3.org/2001/XMLSchema-instance"&gt;&lt;RecurrenceType&gt;NonConcurrentRecurring&lt;/RecurrenceType&gt;&lt;Steps&gt;&lt;Step&gt;&lt;DisplayName&gt;Finished&lt;/DisplayName&gt;&lt;CodeName&gt;finished&lt;/CodeName&gt;&lt;Id&gt;1&lt;/Id&gt;&lt;Type&gt;Finished&lt;/Type&gt;&lt;Definition&gt;&lt;SourcePoints /&gt;&lt;Position xmlns:d5p1="CMS.Helpers.UniGraphConfig"&gt;&lt;d5p1:X&gt;2300&lt;/d5p1:X&gt;&lt;d5p1:Y&gt;400&lt;/d5p1:Y&gt;&lt;/Position&gt;&lt;/Definition&gt;&lt;/Step&gt;&lt;Step&gt;&lt;DisplayName&gt;Send email&lt;/DisplayName&gt;&lt;CodeName&gt;SendEmail&lt;/CodeName&gt;&lt;Id&gt;2&lt;/Id&gt;&lt;Type&gt;Action&lt;/Type&gt;&lt;Definition&gt;&lt;SourcePoints&gt;&lt;SourcePoint&gt;&lt;Guid&gt;83ecd58e-40d2-47e0-b5e9-5a4da99a7a10&lt;/Guid&gt;&lt;Label&gt;Default&lt;/Label&gt;&lt;Type&gt;0&lt;/Type&gt;&lt;StepRolesSecurity&gt;0&lt;/StepRolesSecurity&gt;&lt;StepUsersSecurity&gt;0&lt;/StepUsersSecurity&gt;&lt;/SourcePoint&gt;&lt;/SourcePoints&gt;&lt;Position xmlns:d5p1="CMS.Helpers.UniGraphConfig"&gt;&lt;d5p1:X&gt;2500&lt;/d5p1:X&gt;&lt;d5p1:Y&gt;220&lt;/d5p1:Y&gt;&lt;/Position&gt;&lt;/Definition&gt;&lt;ActionGuid&gt;a578a254-b251-4f1e-abb7-533e5898f012&lt;/ActionGuid&gt;&lt;ActionParameters xmlns:d4p1="http://schemas.microsoft.com/2003/10/Serialization/Arrays"&gt;&lt;d4p1:KeyValueOfstringstring&gt;&lt;d4p1:Key&gt;Subject&lt;/d4p1:Key&gt;&lt;d4p1:Value&gt;Shopping Cart Reminder!&lt;/d4p1:Value&gt;&lt;/d4p1:KeyValueOfstringstring&gt;&lt;d4p1:KeyValueOfstringstring&gt;&lt;d4p1:Key&gt;From&lt;/d4p1:Key&gt;&lt;d4p1:Value&gt;admin@localhost.local&lt;/d4p1:Value&gt;&lt;/d4p1:KeyValueOfstringstring&gt;&lt;d4p1:KeyValueOfstringstring&gt;&lt;d4p1:Key&gt;Body&lt;/d4p1:Key&gt;&lt;d4p1:Value&gt;&amp;lt;style type="text/css"&amp;gt;body
{
  max-width:800px;
  text-align:center;
  font-size: 16px;
  font-family: Arial;
}

h1 {
  font-size: 44px;
}

h2 {
  font-size: 32px;
}

p {
  font-size: 16px;
}

.btn {
  padding: 10px 32px;
  cursor: pointer;
  border: 2px solid #08768c;
  display: inline-block;
  text-decoration: none;
  text-transform: uppercase;
  background: #08768C;
  color: #fff;
}
&amp;lt;/style&amp;gt;
&amp;lt;h1&amp;gt;Company Name&amp;lt;/h1&amp;gt;

&amp;lt;h2&amp;gt;Shopping Cart Reminder!&amp;lt;/h2&amp;gt;

&amp;lt;p&amp;gt;We&amp;amp;lsquo;ve noticed you&amp;amp;lsquo;ve left an item or two in your shopping cart. In case you are still interested in them, hurry up, your recent selections are in your cart for a limited time.&amp;lt;/p&amp;gt;

&amp;lt;div class="wrapper"&amp;gt;{% foreach(item in ShoppingCartProducts(ActivityValue)) { %}
&amp;lt;div id="item"&amp;gt;&amp;lt;img src="{%GetAbsoluteUrlBySiteID(IfEmpty(item.SKU.SKUImagePath, item.SKU.Parent.SKUImagePath, item.SKU.SKUImagePath), CurrentSite.SiteID)%}" width="300px" /&amp;gt;
&amp;lt;p&amp;gt;{% FormatPriceForCart(item.UnitPrice, item.ShoppingCartID)%}&amp;lt;/p&amp;gt;

&amp;lt;p&amp;gt;{% item.SKU.SKUName %}&amp;lt;/p&amp;gt;
&amp;lt;/div&amp;gt;
{% } |(encode)false |(identity)GlobalAdministrator|(hash)b385b80d6109a4c115f2b9359f1fc6a38db1ab12bb55a0905f53290f1a5cf129%}&amp;lt;/div&amp;gt;
&amp;lt;a class="btn" href="{% CurrentSite.SitePresentationURL + ShoppingCartURL(CurrentSite.CodeName, ActivityValue) |(identity)GlobalAdministrator|(hash)ba36776f42fa2c9ce6ec209daa797731fee29ce4035d28e0b3316031c2cac030%}"&amp;gt;CONTINUE SHOPPING&amp;lt;/a&amp;gt;

&amp;lt;hr /&amp;gt;
&amp;lt;div style="text-align: center"&amp;gt;Copyright &amp;amp;copy; 2015 Company Name. All rights reserved.&amp;lt;/div&amp;gt;
&lt;/d4p1:Value&gt;&lt;/d4p1:KeyValueOfstringstring&gt;&lt;d4p1:KeyValueOfstringstring&gt;&lt;d4p1:Key&gt;To&lt;/d4p1:Key&gt;&lt;d4p1:Value&gt;{% Contact.ContactEmail |(identity)GlobalAdministrator|(hash)359d7b63811c77c21eb2c0e1a58e5618353dcc8235d406cdf961b27fb0fd9e4f%}&lt;/d4p1:Value&gt;&lt;/d4p1:KeyValueOfstringstring&gt;&lt;d4p1:KeyValueOfstringstring&gt;&lt;d4p1:Key&gt;BasedOn&lt;/d4p1:Key&gt;&lt;d4p1:Value&gt;1&lt;/d4p1:Value&gt;&lt;/d4p1:KeyValueOfstringstring&gt;&lt;/ActionParameters&gt;&lt;/Step&gt;&lt;Step&gt;&lt;DisplayName&gt;Start&lt;/DisplayName&gt;&lt;CodeName&gt;start&lt;/CodeName&gt;&lt;Id&gt;3&lt;/Id&gt;&lt;Type&gt;Start&lt;/Type&gt;&lt;Definition&gt;&lt;SourcePoints&gt;&lt;SourcePoint&gt;&lt;Guid&gt;de856046-190f-4b2c-a8ac-111c1b8d6114&lt;/Guid&gt;&lt;Label&gt;Default&lt;/Label&gt;&lt;Type&gt;0&lt;/Type&gt;&lt;StepRolesSecurity&gt;0&lt;/StepRolesSecurity&gt;&lt;StepUsersSecurity&gt;0&lt;/StepUsersSecurity&gt;&lt;/SourcePoint&gt;&lt;/SourcePoints&gt;&lt;Position xmlns:d5p1="CMS.Helpers.UniGraphConfig"&gt;&lt;d5p1:X&gt;2300&lt;/d5p1:X&gt;&lt;d5p1:Y&gt;40&lt;/d5p1:Y&gt;&lt;/Position&gt;&lt;/Definition&gt;&lt;/Step&gt;&lt;/Steps&gt;&lt;Transitions&gt;&lt;Transition&gt;&lt;Type&gt;Automatic&lt;/Type&gt;&lt;StartStepId&gt;2&lt;/StartStepId&gt;&lt;EndStepId&gt;1&lt;/EndStepId&gt;&lt;SourcePointGuid&gt;83ecd58e-40d2-47e0-b5e9-5a4da99a7a10&lt;/SourcePointGuid&gt;&lt;/Transition&gt;&lt;Transition&gt;&lt;Type&gt;Automatic&lt;/Type&gt;&lt;StartStepId&gt;3&lt;/StartStepId&gt;&lt;EndStepId&gt;2&lt;/EndStepId&gt;&lt;SourcePointGuid&gt;de856046-190f-4b2c-a8ac-111c1b8d6114&lt;/SourcePointGuid&gt;&lt;/Transition&gt;&lt;/Transitions&gt;&lt;Triggers&gt;&lt;Trigger&gt;&lt;DisplayName&gt;Shopping cart marked as abandoned&lt;/DisplayName&gt;&lt;Type&gt;Creation&lt;/Type&gt;&lt;ObjectType&gt;om.activity&lt;/ObjectType&gt;&lt;TargetObjectType&gt;om.activitytype&lt;/TargetObjectType&gt;&lt;TargetObjectName&gt;ShoppingCartAbandoned&lt;/TargetObjectName&gt;&lt;/Trigger&gt;&lt;/Triggers&gt;&lt;/TemplateConfiguration&gt;</TemplateConfiguration>
    <TemplateGuid>3775c9ea-b1c4-4242-843f-a9de593dc938</TemplateGuid>
    <TemplateLastModified>2020-04-22T05:01:01.0639264+02:00</TemplateLastModified>
  </CMS_AutomationTemplate>
  <CMS_AutomationTemplate>
    <TemplateID>2</TemplateID>
    <TemplateDisplayName>{$ma.template.birthdaymessage$}</TemplateDisplayName>
    <TemplateDescription>{$ma.template.birthdaymessage.description$}</TemplateDescription>
    <TemplateIconClass>icon-gift</TemplateIconClass>
    <TemplateConfiguration>&lt;TemplateConfiguration xmlns:i="http://www.w3.org/2001/XMLSchema-instance"&gt;&lt;RecurrenceType&gt;Recurring&lt;/RecurrenceType&gt;&lt;Steps&gt;&lt;Step&gt;&lt;DisplayName&gt;Add to birthday success group&lt;/DisplayName&gt;&lt;CodeName&gt;AddToBirthdaySuccessGroup&lt;/CodeName&gt;&lt;Id&gt;1&lt;/Id&gt;&lt;Type&gt;Action&lt;/Type&gt;&lt;Definition&gt;&lt;SourcePoints&gt;&lt;SourcePoint&gt;&lt;Guid&gt;d921105e-23ca-44ad-95fd-bf98e65594f7&lt;/Guid&gt;&lt;Label&gt;Default&lt;/Label&gt;&lt;Type&gt;0&lt;/Type&gt;&lt;StepRolesSecurity&gt;0&lt;/StepRolesSecurity&gt;&lt;StepUsersSecurity&gt;0&lt;/StepUsersSecurity&gt;&lt;/SourcePoint&gt;&lt;/SourcePoints&gt;&lt;Position xmlns:d5p1="CMS.Helpers.UniGraphConfig"&gt;&lt;d5p1:X&gt;2560&lt;/d5p1:X&gt;&lt;d5p1:Y&gt;980&lt;/d5p1:Y&gt;&lt;/Position&gt;&lt;/Definition&gt;&lt;ActionGuid&gt;003c8e4c-14ad-4451-b8e0-5a8e97f5539e&lt;/ActionGuid&gt;&lt;ActionParameters xmlns:d4p1="http://schemas.microsoft.com/2003/10/Serialization/Arrays"&gt;&lt;d4p1:KeyValueOfstringstring&gt;&lt;d4p1:Key&gt;ContactAction&lt;/d4p1:Key&gt;&lt;d4p1:Value&gt;0&lt;/d4p1:Value&gt;&lt;/d4p1:KeyValueOfstringstring&gt;&lt;/ActionParameters&gt;&lt;/Step&gt;&lt;Step&gt;&lt;DisplayName&gt;Condition&lt;/DisplayName&gt;&lt;CodeName&gt;Condition&lt;/CodeName&gt;&lt;Id&gt;2&lt;/Id&gt;&lt;Type&gt;Condition&lt;/Type&gt;&lt;Definition&gt;&lt;SourcePoints&gt;&lt;SourcePoint xmlns="" i:type="ConditionSourcePoint"&gt;&lt;Guid&gt;8d739c3c-0021-487e-a287-aa094455c26f&lt;/Guid&gt;&lt;Label&gt;Contact has made a purchase within 10 days after receiving the birthday coupon&lt;/Label&gt;&lt;Text /&gt;&lt;Tooltip /&gt;&lt;Condition&gt;{%Rule("(Contact.DidActivities(\"purchase\", ToInt(10), false))", "&amp;lt;rules&amp;gt;&amp;lt;r pos=\"0\" par=\"\" op=\"or\" n=\"CMSContactHasDoneFollowingActivitiesInTheLastXDays\" &amp;gt;&amp;lt;p n=\"activities\"&amp;gt;&amp;lt;t&amp;gt;Purchase&amp;lt;/t&amp;gt;&amp;lt;v&amp;gt;purchase&amp;lt;/v&amp;gt;&amp;lt;r&amp;gt;1&amp;lt;/r&amp;gt;&amp;lt;d&amp;gt;select activities&amp;lt;/d&amp;gt;&amp;lt;vt&amp;gt;text&amp;lt;/vt&amp;gt;&amp;lt;tv&amp;gt;0&amp;lt;/tv&amp;gt;&amp;lt;/p&amp;gt;&amp;lt;p n=\"days\"&amp;gt;&amp;lt;t&amp;gt;10&amp;lt;/t&amp;gt;&amp;lt;v&amp;gt;10&amp;lt;/v&amp;gt;&amp;lt;r&amp;gt;0&amp;lt;/r&amp;gt;&amp;lt;d&amp;gt;enter days&amp;lt;/d&amp;gt;&amp;lt;vt&amp;gt;integer&amp;lt;/vt&amp;gt;&amp;lt;tv&amp;gt;1&amp;lt;/tv&amp;gt;&amp;lt;/p&amp;gt;&amp;lt;p n=\"_any\"&amp;gt;&amp;lt;t&amp;gt;any&amp;lt;/t&amp;gt;&amp;lt;v&amp;gt;false&amp;lt;/v&amp;gt;&amp;lt;r&amp;gt;0&amp;lt;/r&amp;gt;&amp;lt;d&amp;gt;select operation&amp;lt;/d&amp;gt;&amp;lt;vt&amp;gt;text&amp;lt;/vt&amp;gt;&amp;lt;tv&amp;gt;0&amp;lt;/tv&amp;gt;&amp;lt;/p&amp;gt;&amp;lt;p n=\"_perfectum\"&amp;gt;&amp;lt;t&amp;gt;has&amp;lt;/t&amp;gt;&amp;lt;v&amp;gt;&amp;lt;/v&amp;gt;&amp;lt;r&amp;gt;0&amp;lt;/r&amp;gt;&amp;lt;d&amp;gt;select operation&amp;lt;/d&amp;gt;&amp;lt;vt&amp;gt;text&amp;lt;/vt&amp;gt;&amp;lt;tv&amp;gt;0&amp;lt;/tv&amp;gt;&amp;lt;/p&amp;gt;&amp;lt;/r&amp;gt;&amp;lt;/rules&amp;gt;")|(identity)GlobalAdministrator|(hash)85353f15474d806e151dd0aa2907bcf0aeaedb30ed79cf230a32dc9f19ad1662%}&lt;/Condition&gt;&lt;Type&gt;1&lt;/Type&gt;&lt;StepRolesSecurity&gt;0&lt;/StepRolesSecurity&gt;&lt;StepUsersSecurity&gt;0&lt;/StepUsersSecurity&gt;&lt;/SourcePoint&gt;&lt;SourcePoint xmlns="" i:type="ElseSourcePoint"&gt;&lt;Guid&gt;bd321635-1246-4c8f-9d55-032f8d82cdba&lt;/Guid&gt;&lt;Label&gt;Else&lt;/Label&gt;&lt;Type&gt;2&lt;/Type&gt;&lt;StepRolesSecurity&gt;0&lt;/StepRolesSecurity&gt;&lt;StepUsersSecurity&gt;0&lt;/StepUsersSecurity&gt;&lt;/SourcePoint&gt;&lt;/SourcePoints&gt;&lt;Position xmlns:d5p1="CMS.Helpers.UniGraphConfig"&gt;&lt;d5p1:X&gt;2410&lt;/d5p1:X&gt;&lt;d5p1:Y&gt;740&lt;/d5p1:Y&gt;&lt;/Position&gt;&lt;/Definition&gt;&lt;/Step&gt;&lt;Step&gt;&lt;DisplayName&gt;Condition&lt;/DisplayName&gt;&lt;CodeName&gt;ContactHasEmail&lt;/CodeName&gt;&lt;Id&gt;3&lt;/Id&gt;&lt;Type&gt;Condition&lt;/Type&gt;&lt;Definition&gt;&lt;SourcePoints&gt;&lt;SourcePoint xmlns="" i:type="ConditionSourcePoint"&gt;&lt;Guid&gt;db1c4e7d-76a5-4c16-aef2-5083f6d46baa&lt;/Guid&gt;&lt;Label&gt;Contact has email&lt;/Label&gt;&lt;Text /&gt;&lt;Tooltip /&gt;&lt;Condition&gt;{%Rule("(Contact.ContactEmail.Contains(\"@\"))", "&amp;lt;rules&amp;gt;&amp;lt;r pos=\"0\" par=\"\" op=\"and\" n=\"CMSContactFieldContainsValue\" &amp;gt;&amp;lt;p n=\"field\"&amp;gt;&amp;lt;t&amp;gt;Email address&amp;lt;/t&amp;gt;&amp;lt;v&amp;gt;ContactEmail&amp;lt;/v&amp;gt;&amp;lt;r&amp;gt;1&amp;lt;/r&amp;gt;&amp;lt;d&amp;gt;select field&amp;lt;/d&amp;gt;&amp;lt;vt&amp;gt;text&amp;lt;/vt&amp;gt;&amp;lt;tv&amp;gt;0&amp;lt;/tv&amp;gt;&amp;lt;/p&amp;gt;&amp;lt;p n=\"op\"&amp;gt;&amp;lt;t&amp;gt;contains&amp;lt;/t&amp;gt;&amp;lt;v&amp;gt;Contains&amp;lt;/v&amp;gt;&amp;lt;r&amp;gt;0&amp;lt;/r&amp;gt;&amp;lt;d&amp;gt;select operator&amp;lt;/d&amp;gt;&amp;lt;vt&amp;gt;text&amp;lt;/vt&amp;gt;&amp;lt;tv&amp;gt;0&amp;lt;/tv&amp;gt;&amp;lt;/p&amp;gt;&amp;lt;p n=\"value\"&amp;gt;&amp;lt;t&amp;gt;@&amp;lt;/t&amp;gt;&amp;lt;v&amp;gt;@&amp;lt;/v&amp;gt;&amp;lt;r&amp;gt;0&amp;lt;/r&amp;gt;&amp;lt;d&amp;gt;enter value&amp;lt;/d&amp;gt;&amp;lt;vt&amp;gt;text&amp;lt;/vt&amp;gt;&amp;lt;tv&amp;gt;1&amp;lt;/tv&amp;gt;&amp;lt;/p&amp;gt;&amp;lt;/r&amp;gt;&amp;lt;/rules&amp;gt;")|(identity)GlobalAdministrator|(hash)3184b045321aa5b16aabc247707fd6a53f42a722a207881ac817dcc08a653591%}&lt;/Condition&gt;&lt;Type&gt;1&lt;/Type&gt;&lt;StepRolesSecurity&gt;0&lt;/StepRolesSecurity&gt;&lt;StepUsersSecurity&gt;0&lt;/StepUsersSecurity&gt;&lt;/SourcePoint&gt;&lt;SourcePoint xmlns="" i:type="ElseSourcePoint"&gt;&lt;Guid&gt;9b8c9967-d540-48d4-893d-50515177934a&lt;/Guid&gt;&lt;Label&gt;Else&lt;/Label&gt;&lt;Type&gt;2&lt;/Type&gt;&lt;StepRolesSecurity&gt;0&lt;/StepRolesSecurity&gt;&lt;StepUsersSecurity&gt;0&lt;/StepUsersSecurity&gt;&lt;/SourcePoint&gt;&lt;/SourcePoints&gt;&lt;Position xmlns:d5p1="CMS.Helpers.UniGraphConfig"&gt;&lt;d5p1:X&gt;2170&lt;/d5p1:X&gt;&lt;d5p1:Y&gt;220&lt;/d5p1:Y&gt;&lt;/Position&gt;&lt;/Definition&gt;&lt;/Step&gt;&lt;Step&gt;&lt;DisplayName&gt;Finished&lt;/DisplayName&gt;&lt;CodeName&gt;finished&lt;/CodeName&gt;&lt;Id&gt;4&lt;/Id&gt;&lt;Type&gt;Finished&lt;/Type&gt;&lt;Definition&gt;&lt;SourcePoints /&gt;&lt;Position xmlns:d5p1="CMS.Helpers.UniGraphConfig"&gt;&lt;d5p1:X&gt;2190&lt;/d5p1:X&gt;&lt;d5p1:Y&gt;1140&lt;/d5p1:Y&gt;&lt;/Position&gt;&lt;/Definition&gt;&lt;/Step&gt;&lt;Step&gt;&lt;DisplayName&gt;Note&lt;/DisplayName&gt;&lt;CodeName&gt;Note&lt;/CodeName&gt;&lt;Id&gt;5&lt;/Id&gt;&lt;Type&gt;Note&lt;/Type&gt;&lt;Definition xmlns="" i:type="NoteStep"&gt;&lt;SourcePoints /&gt;&lt;Position xmlns:d5p1="CMS.Helpers.UniGraphConfig"&gt;&lt;d5p1:X&gt;2720&lt;/d5p1:X&gt;&lt;d5p1:Y&gt;310&lt;/d5p1:Y&gt;&lt;/Position&gt;&lt;Note&gt;The birthday message email is empty by default.

Prepare an email suitable for your website. Including a gift, such as a discount coupon, is optional.&lt;/Note&gt;&lt;/Definition&gt;&lt;/Step&gt;&lt;Step&gt;&lt;DisplayName&gt;Note&lt;/DisplayName&gt;&lt;CodeName&gt;Note_1&lt;/CodeName&gt;&lt;Id&gt;6&lt;/Id&gt;&lt;Type&gt;Note&lt;/Type&gt;&lt;Definition xmlns="" i:type="NoteStep"&gt;&lt;SourcePoints /&gt;&lt;Position xmlns:d5p1="CMS.Helpers.UniGraphConfig"&gt;&lt;d5p1:X&gt;2880&lt;/d5p1:X&gt;&lt;d5p1:Y&gt;940&lt;/d5p1:Y&gt;&lt;/Position&gt;&lt;Note&gt;Select a contact group to segment contacts who react positively to your birthday message.

Alternatively, you can replace this step with any desired marketing actions.&lt;/Note&gt;&lt;/Definition&gt;&lt;/Step&gt;&lt;Step&gt;&lt;DisplayName&gt;Note&lt;/DisplayName&gt;&lt;CodeName&gt;Note_2&lt;/CodeName&gt;&lt;Id&gt;7&lt;/Id&gt;&lt;Type&gt;Note&lt;/Type&gt;&lt;Definition xmlns="" i:type="NoteStep"&gt;&lt;SourcePoints /&gt;&lt;Position xmlns:d5p1="CMS.Helpers.UniGraphConfig"&gt;&lt;d5p1:X&gt;2700&lt;/d5p1:X&gt;&lt;d5p1:Y&gt;740&lt;/d5p1:Y&gt;&lt;/Position&gt;&lt;Note&gt;Adjust the "success condition" according to the content of your birthday message.&lt;/Note&gt;&lt;/Definition&gt;&lt;/Step&gt;&lt;Step&gt;&lt;DisplayName&gt;Send birthday email with coupon&lt;/DisplayName&gt;&lt;CodeName&gt;SendBirthdayEmailWithCoupon&lt;/CodeName&gt;&lt;Id&gt;8&lt;/Id&gt;&lt;Type&gt;Action&lt;/Type&gt;&lt;Definition&gt;&lt;SourcePoints&gt;&lt;SourcePoint&gt;&lt;Guid&gt;2144d7e5-8dde-4c9d-9168-ba8f1cca0154&lt;/Guid&gt;&lt;Label&gt;Default&lt;/Label&gt;&lt;Type&gt;0&lt;/Type&gt;&lt;StepRolesSecurity&gt;0&lt;/StepRolesSecurity&gt;&lt;StepUsersSecurity&gt;0&lt;/StepUsersSecurity&gt;&lt;/SourcePoint&gt;&lt;/SourcePoints&gt;&lt;Position xmlns:d5p1="CMS.Helpers.UniGraphConfig"&gt;&lt;d5p1:X&gt;2390&lt;/d5p1:X&gt;&lt;d5p1:Y&gt;390&lt;/d5p1:Y&gt;&lt;/Position&gt;&lt;/Definition&gt;&lt;ActionGuid&gt;b33d5c68-235d-406e-89d7-4f1714078940&lt;/ActionGuid&gt;&lt;/Step&gt;&lt;Step&gt;&lt;DisplayName&gt;Start&lt;/DisplayName&gt;&lt;CodeName&gt;start&lt;/CodeName&gt;&lt;Id&gt;9&lt;/Id&gt;&lt;Type&gt;Start&lt;/Type&gt;&lt;Definition&gt;&lt;SourcePoints&gt;&lt;SourcePoint&gt;&lt;Guid&gt;8d248732-56b7-4a75-9f16-a9eed27d9252&lt;/Guid&gt;&lt;Label&gt;Default&lt;/Label&gt;&lt;Type&gt;0&lt;/Type&gt;&lt;StepRolesSecurity&gt;0&lt;/StepRolesSecurity&gt;&lt;StepUsersSecurity&gt;0&lt;/StepUsersSecurity&gt;&lt;/SourcePoint&gt;&lt;/SourcePoints&gt;&lt;Position xmlns:d5p1="CMS.Helpers.UniGraphConfig"&gt;&lt;d5p1:X&gt;2320&lt;/d5p1:X&gt;&lt;d5p1:Y&gt;40&lt;/d5p1:Y&gt;&lt;/Position&gt;&lt;/Definition&gt;&lt;/Step&gt;&lt;Step&gt;&lt;DisplayName&gt;Wait&lt;/DisplayName&gt;&lt;CodeName&gt;Wait&lt;/CodeName&gt;&lt;Id&gt;10&lt;/Id&gt;&lt;Type&gt;Wait&lt;/Type&gt;&lt;Definition&gt;&lt;TimeoutEnabled&gt;true&lt;/TimeoutEnabled&gt;&lt;TimeoutInterval&gt;day;1/1/0001 12:00:00 AM;10;Monday,Tuesday,Wednesday,Thursday,Friday,Saturday,Sunday&lt;/TimeoutInterval&gt;&lt;SourcePoints&gt;&lt;SourcePoint&gt;&lt;Guid&gt;6654ce37-7512-4e28-896a-305d4c3f9b0a&lt;/Guid&gt;&lt;Label&gt;Default&lt;/Label&gt;&lt;Text /&gt;&lt;Tooltip /&gt;&lt;Condition /&gt;&lt;Type&gt;0&lt;/Type&gt;&lt;StepRolesSecurity&gt;0&lt;/StepRolesSecurity&gt;&lt;StepUsersSecurity&gt;0&lt;/StepUsersSecurity&gt;&lt;/SourcePoint&gt;&lt;/SourcePoints&gt;&lt;Position xmlns:d5p1="CMS.Helpers.UniGraphConfig"&gt;&lt;d5p1:X&gt;2560&lt;/d5p1:X&gt;&lt;d5p1:Y&gt;560&lt;/d5p1:Y&gt;&lt;/Position&gt;&lt;/Definition&gt;&lt;/Step&gt;&lt;/Steps&gt;&lt;Transitions&gt;&lt;Transition&gt;&lt;Type&gt;Automatic&lt;/Type&gt;&lt;StartStepId&gt;10&lt;/StartStepId&gt;&lt;EndStepId&gt;2&lt;/EndStepId&gt;&lt;SourcePointGuid&gt;6654ce37-7512-4e28-896a-305d4c3f9b0a&lt;/SourcePointGuid&gt;&lt;/Transition&gt;&lt;Transition&gt;&lt;Type&gt;Automatic&lt;/Type&gt;&lt;StartStepId&gt;2&lt;/StartStepId&gt;&lt;EndStepId&gt;1&lt;/EndStepId&gt;&lt;SourcePointGuid&gt;8d739c3c-0021-487e-a287-aa094455c26f&lt;/SourcePointGuid&gt;&lt;/Transition&gt;&lt;Transition&gt;&lt;Type&gt;Automatic&lt;/Type&gt;&lt;StartStepId&gt;2&lt;/StartStepId&gt;&lt;EndStepId&gt;4&lt;/EndStepId&gt;&lt;SourcePointGuid&gt;bd321635-1246-4c8f-9d55-032f8d82cdba&lt;/SourcePointGuid&gt;&lt;/Transition&gt;&lt;Transition&gt;&lt;Type&gt;Automatic&lt;/Type&gt;&lt;StartStepId&gt;1&lt;/StartStepId&gt;&lt;EndStepId&gt;4&lt;/EndStepId&gt;&lt;SourcePointGuid&gt;d921105e-23ca-44ad-95fd-bf98e65594f7&lt;/SourcePointGuid&gt;&lt;/Transition&gt;&lt;Transition&gt;&lt;Type&gt;Automatic&lt;/Type&gt;&lt;StartStepId&gt;9&lt;/StartStepId&gt;&lt;EndStepId&gt;3&lt;/EndStepId&gt;&lt;SourcePointGuid&gt;8d248732-56b7-4a75-9f16-a9eed27d9252&lt;/SourcePointGuid&gt;&lt;/Transition&gt;&lt;Transition&gt;&lt;Type&gt;Automatic&lt;/Type&gt;&lt;StartStepId&gt;8&lt;/StartStepId&gt;&lt;EndStepId&gt;10&lt;/EndStepId&gt;&lt;SourcePointGuid&gt;2144d7e5-8dde-4c9d-9168-ba8f1cca0154&lt;/SourcePointGuid&gt;&lt;/Transition&gt;&lt;Transition&gt;&lt;Type&gt;Automatic&lt;/Type&gt;&lt;StartStepId&gt;3&lt;/StartStepId&gt;&lt;EndStepId&gt;8&lt;/EndStepId&gt;&lt;SourcePointGuid&gt;db1c4e7d-76a5-4c16-aef2-5083f6d46baa&lt;/SourcePointGuid&gt;&lt;/Transition&gt;&lt;Transition&gt;&lt;Type&gt;Automatic&lt;/Type&gt;&lt;StartStepId&gt;3&lt;/StartStepId&gt;&lt;EndStepId&gt;4&lt;/EndStepId&gt;&lt;SourcePointGuid&gt;9b8c9967-d540-48d4-893d-50515177934a&lt;/SourcePointGuid&gt;&lt;/Transition&gt;&lt;/Transitions&gt;&lt;Triggers&gt;&lt;Trigger&gt;&lt;DisplayName&gt;Contact has birthday&lt;/DisplayName&gt;&lt;Type&gt;TimeBased&lt;/Type&gt;&lt;ObjectType&gt;cms.objectscheduledtask&lt;/ObjectType&gt;&lt;MacroCondition&gt;{%Rule("(selectedDay = DateTime.Now.AddDays(ToInt(0));\r\nContact.ContactBirthday != null &amp;amp;&amp;amp; (Contact.ContactBirthday.Month == selectedDay.Month &amp;amp;&amp;amp; Contact.ContactBirthday.Day == selectedDay.Day);)", "&amp;lt;rules&amp;gt;&amp;lt;r pos=\"0\" par=\"\" op=\"and\" n=\"CMSContactHasBirthday\" &amp;gt;&amp;lt;p n=\"days\"&amp;gt;&amp;lt;t&amp;gt;today&amp;lt;/t&amp;gt;&amp;lt;v&amp;gt;0&amp;lt;/v&amp;gt;&amp;lt;r&amp;gt;1&amp;lt;/r&amp;gt;&amp;lt;d&amp;gt;select day&amp;lt;/d&amp;gt;&amp;lt;vt&amp;gt;integer&amp;lt;/vt&amp;gt;&amp;lt;tv&amp;gt;0&amp;lt;/tv&amp;gt;&amp;lt;/p&amp;gt;&amp;lt;p n=\"_is\"&amp;gt;&amp;lt;t&amp;gt;is&amp;lt;/t&amp;gt;&amp;lt;v&amp;gt;&amp;lt;/v&amp;gt;&amp;lt;r&amp;gt;0&amp;lt;/r&amp;gt;&amp;lt;d&amp;gt;select operation&amp;lt;/d&amp;gt;&amp;lt;vt&amp;gt;text&amp;lt;/vt&amp;gt;&amp;lt;tv&amp;gt;0&amp;lt;/tv&amp;gt;&amp;lt;/p&amp;gt;&amp;lt;/r&amp;gt;&amp;lt;/rules&amp;gt;")|(identity)GlobalAdministrator|(hash)3d5ae8936c5beaa7051dd42f177ae6072ff6f2d307b43167f3f943e2276857a0%}&lt;/MacroCondition&gt;&lt;Parameters xmlns:d4p1="http://schemas.microsoft.com/2003/10/Serialization/Arrays"&gt;&lt;d4p1:KeyValueOfstringstring&gt;&lt;d4p1:Key&gt;TriggerInterval&lt;/d4p1:Key&gt;&lt;d4p1:Value&gt;day;1/1/2020 12:00:00 AM;1;Monday,Tuesday,Wednesday,Thursday,Friday,Saturday,Sunday&lt;/d4p1:Value&gt;&lt;/d4p1:KeyValueOfstringstring&gt;&lt;/Parameters&gt;&lt;/Trigger&gt;&lt;/Triggers&gt;&lt;/TemplateConfiguration&gt;</TemplateConfiguration>
    <TemplateGuid>adfd3c6b-c6af-45c1-9c71-f8eef1551c86</TemplateGuid>
    <TemplateLastModified>2020-04-22T05:01:01.0866386+02:00</TemplateLastModified>
  </CMS_AutomationTemplate>
  <CMS_AutomationTemplate>
    <TemplateID>3</TemplateID>
    <TemplateDisplayName>{$ma.template.engagewithinactivecontacts$}</TemplateDisplayName>
    <TemplateDescription>{$ma.template.engagewithinactivecontacts.description$}</TemplateDescription>
    <TemplateIconClass>icon-engage-users</TemplateIconClass>
    <TemplateConfiguration>&lt;TemplateConfiguration xmlns:i="http://www.w3.org/2001/XMLSchema-instance"&gt;&lt;RecurrenceType&gt;NonRecurring&lt;/RecurrenceType&gt;&lt;Steps&gt;&lt;Step&gt;&lt;DisplayName&gt;Call contact&lt;/DisplayName&gt;&lt;CodeName&gt;CallContact&lt;/CodeName&gt;&lt;Id&gt;1&lt;/Id&gt;&lt;Type&gt;Standard&lt;/Type&gt;&lt;Definition&gt;&lt;TimeoutInterval /&gt;&lt;SourcePoints&gt;&lt;SourcePoint&gt;&lt;Guid&gt;a7b1a74e-f4ef-438e-9bd2-7b67c82c4c0d&lt;/Guid&gt;&lt;Label&gt;Default&lt;/Label&gt;&lt;Text /&gt;&lt;Tooltip /&gt;&lt;Condition /&gt;&lt;Type&gt;0&lt;/Type&gt;&lt;StepRolesSecurity&gt;0&lt;/StepRolesSecurity&gt;&lt;StepUsersSecurity&gt;0&lt;/StepUsersSecurity&gt;&lt;/SourcePoint&gt;&lt;/SourcePoints&gt;&lt;Position xmlns:d5p1="CMS.Helpers.UniGraphConfig"&gt;&lt;d5p1:X&gt;2530&lt;/d5p1:X&gt;&lt;d5p1:Y&gt;650&lt;/d5p1:Y&gt;&lt;/Position&gt;&lt;/Definition&gt;&lt;/Step&gt;&lt;Step&gt;&lt;DisplayName&gt;Finished&lt;/DisplayName&gt;&lt;CodeName&gt;finished&lt;/CodeName&gt;&lt;Id&gt;2&lt;/Id&gt;&lt;Type&gt;Finished&lt;/Type&gt;&lt;Definition&gt;&lt;SourcePoints /&gt;&lt;Position xmlns:d5p1="CMS.Helpers.UniGraphConfig"&gt;&lt;d5p1:X&gt;2410&lt;/d5p1:X&gt;&lt;d5p1:Y&gt;960&lt;/d5p1:Y&gt;&lt;/Position&gt;&lt;/Definition&gt;&lt;/Step&gt;&lt;Step&gt;&lt;DisplayName&gt;First win&lt;/DisplayName&gt;&lt;CodeName&gt;FirstWin&lt;/CodeName&gt;&lt;Id&gt;3&lt;/Id&gt;&lt;Type&gt;MultichoiceFirstWin&lt;/Type&gt;&lt;Definition&gt;&lt;SourcePoints&gt;&lt;SourcePoint xmlns="" i:type="CaseSourcePoint"&gt;&lt;Guid&gt;971a7308-14f2-456e-b550-5abb325860d2&lt;/Guid&gt;&lt;Label&gt;Contact has email&lt;/Label&gt;&lt;Text /&gt;&lt;Tooltip /&gt;&lt;Condition&gt;{%Rule("(Contact.ContactEmail.Contains(\"@\"))", "&amp;lt;rules&amp;gt;&amp;lt;r pos=\"0\" par=\"\" op=\"and\" n=\"CMSContactFieldContainsValue\" &amp;gt;&amp;lt;p n=\"field\"&amp;gt;&amp;lt;t&amp;gt;Email address&amp;lt;/t&amp;gt;&amp;lt;v&amp;gt;ContactEmail&amp;lt;/v&amp;gt;&amp;lt;r&amp;gt;1&amp;lt;/r&amp;gt;&amp;lt;d&amp;gt;select field&amp;lt;/d&amp;gt;&amp;lt;vt&amp;gt;text&amp;lt;/vt&amp;gt;&amp;lt;tv&amp;gt;0&amp;lt;/tv&amp;gt;&amp;lt;/p&amp;gt;&amp;lt;p n=\"op\"&amp;gt;&amp;lt;t&amp;gt;contains&amp;lt;/t&amp;gt;&amp;lt;v&amp;gt;Contains&amp;lt;/v&amp;gt;&amp;lt;r&amp;gt;0&amp;lt;/r&amp;gt;&amp;lt;d&amp;gt;select operator&amp;lt;/d&amp;gt;&amp;lt;vt&amp;gt;text&amp;lt;/vt&amp;gt;&amp;lt;tv&amp;gt;0&amp;lt;/tv&amp;gt;&amp;lt;/p&amp;gt;&amp;lt;p n=\"value\"&amp;gt;&amp;lt;t&amp;gt;@&amp;lt;/t&amp;gt;&amp;lt;v&amp;gt;@&amp;lt;/v&amp;gt;&amp;lt;r&amp;gt;0&amp;lt;/r&amp;gt;&amp;lt;d&amp;gt;enter value&amp;lt;/d&amp;gt;&amp;lt;vt&amp;gt;text&amp;lt;/vt&amp;gt;&amp;lt;tv&amp;gt;1&amp;lt;/tv&amp;gt;&amp;lt;/p&amp;gt;&amp;lt;/r&amp;gt;&amp;lt;/rules&amp;gt;")|(identity)GlobalAdministrator|(hash)3184b045321aa5b16aabc247707fd6a53f42a722a207881ac817dcc08a653591%}&lt;/Condition&gt;&lt;Type&gt;1&lt;/Type&gt;&lt;StepRolesSecurity&gt;0&lt;/StepRolesSecurity&gt;&lt;StepUsersSecurity&gt;0&lt;/StepUsersSecurity&gt;&lt;/SourcePoint&gt;&lt;SourcePoint xmlns="" i:type="CaseSourcePoint"&gt;&lt;Guid&gt;caa79cff-321b-43fd-9070-f009590ae612&lt;/Guid&gt;&lt;Label&gt;Contact has phone number&lt;/Label&gt;&lt;Text /&gt;&lt;Tooltip /&gt;&lt;Condition&gt;{%(Contact.ContactMobilePhone.NotEquals(""))|(identity)GlobalAdministrator|(hash)2c4cd67fc2e57bef1d42d5f9f463bc8a7fc1ec480f4fb398a83a18a148f2d987%}&lt;/Condition&gt;&lt;Type&gt;1&lt;/Type&gt;&lt;StepRolesSecurity&gt;0&lt;/StepRolesSecurity&gt;&lt;StepUsersSecurity&gt;0&lt;/StepUsersSecurity&gt;&lt;/SourcePoint&gt;&lt;SourcePoint xmlns="" i:type="ElseSourcePoint"&gt;&lt;Guid&gt;1c4ba23f-217d-4459-bcdf-a66e159f48d0&lt;/Guid&gt;&lt;Label&gt;Else&lt;/Label&gt;&lt;Type&gt;2&lt;/Type&gt;&lt;StepRolesSecurity&gt;0&lt;/StepRolesSecurity&gt;&lt;StepUsersSecurity&gt;0&lt;/StepUsersSecurity&gt;&lt;/SourcePoint&gt;&lt;/SourcePoints&gt;&lt;Position xmlns:d5p1="CMS.Helpers.UniGraphConfig"&gt;&lt;d5p1:X&gt;2180&lt;/d5p1:X&gt;&lt;d5p1:Y&gt;240&lt;/d5p1:Y&gt;&lt;/Position&gt;&lt;/Definition&gt;&lt;/Step&gt;&lt;Step&gt;&lt;DisplayName&gt;Note&lt;/DisplayName&gt;&lt;CodeName&gt;Note&lt;/CodeName&gt;&lt;Id&gt;4&lt;/Id&gt;&lt;Type&gt;Note&lt;/Type&gt;&lt;Definition xmlns="" i:type="NoteStep"&gt;&lt;SourcePoints /&gt;&lt;Position xmlns:d5p1="CMS.Helpers.UniGraphConfig"&gt;&lt;d5p1:X&gt;2670&lt;/d5p1:X&gt;&lt;d5p1:Y&gt;40&lt;/d5p1:Y&gt;&lt;/Position&gt;&lt;Note&gt;Adjust the criteria for identifying inactive contacts based on your requirements.&lt;/Note&gt;&lt;/Definition&gt;&lt;/Step&gt;&lt;Step&gt;&lt;DisplayName&gt;Note&lt;/DisplayName&gt;&lt;CodeName&gt;Note_1&lt;/CodeName&gt;&lt;Id&gt;5&lt;/Id&gt;&lt;Type&gt;Note&lt;/Type&gt;&lt;Definition xmlns="" i:type="NoteStep"&gt;&lt;SourcePoints /&gt;&lt;Position xmlns:d5p1="CMS.Helpers.UniGraphConfig"&gt;&lt;d5p1:X&gt;3290&lt;/d5p1:X&gt;&lt;d5p1:Y&gt;410&lt;/d5p1:Y&gt;&lt;/Position&gt;&lt;Note&gt;Create and select a re-engagement marketing email suitable for your website.&lt;/Note&gt;&lt;/Definition&gt;&lt;/Step&gt;&lt;Step&gt;&lt;DisplayName&gt;Note&lt;/DisplayName&gt;&lt;CodeName&gt;Note_2&lt;/CodeName&gt;&lt;Id&gt;6&lt;/Id&gt;&lt;Type&gt;Note&lt;/Type&gt;&lt;Definition xmlns="" i:type="NoteStep"&gt;&lt;SourcePoints /&gt;&lt;Position xmlns:d5p1="CMS.Helpers.UniGraphConfig"&gt;&lt;d5p1:X&gt;2700&lt;/d5p1:X&gt;&lt;d5p1:Y&gt;410&lt;/d5p1:Y&gt;&lt;/Position&gt;&lt;Note&gt;Fill in the 'To' address to notify a marketer responsible for calling contacts with a known phone number. Update the email content as required.&lt;/Note&gt;&lt;/Definition&gt;&lt;/Step&gt;&lt;Step&gt;&lt;DisplayName&gt;Note&lt;/DisplayName&gt;&lt;CodeName&gt;Note_3&lt;/CodeName&gt;&lt;Id&gt;7&lt;/Id&gt;&lt;Type&gt;Note&lt;/Type&gt;&lt;Definition xmlns="" i:type="NoteStep"&gt;&lt;SourcePoints /&gt;&lt;Position xmlns:d5p1="CMS.Helpers.UniGraphConfig"&gt;&lt;d5p1:X&gt;2090&lt;/d5p1:X&gt;&lt;d5p1:Y&gt;420&lt;/d5p1:Y&gt;&lt;/Position&gt;&lt;Note&gt;You can add further steps to process inactive contacts without any known contact details. For example, use the 'Delete contact' step to completely remove the contact from the system.

Note: Automatic deletion of contacts can also be configured in the 'Settings' application, under 'On-line marketing -&amp;amp;gt; Contact management -&amp;amp;gt; Inactive contacts'. This functionality may interfere with your re-engagement automation process.&lt;/Note&gt;&lt;/Definition&gt;&lt;/Step&gt;&lt;Step&gt;&lt;DisplayName&gt;Send notification to contact owner&lt;/DisplayName&gt;&lt;CodeName&gt;SendNotificationToContactOwner&lt;/CodeName&gt;&lt;Id&gt;8&lt;/Id&gt;&lt;Type&gt;Action&lt;/Type&gt;&lt;Definition&gt;&lt;SourcePoints&gt;&lt;SourcePoint&gt;&lt;Guid&gt;3858ffa5-ccf0-4cb2-8981-4182933a8d23&lt;/Guid&gt;&lt;Label&gt;Default&lt;/Label&gt;&lt;Type&gt;0&lt;/Type&gt;&lt;StepRolesSecurity&gt;0&lt;/StepRolesSecurity&gt;&lt;StepUsersSecurity&gt;0&lt;/StepUsersSecurity&gt;&lt;/SourcePoint&gt;&lt;/SourcePoints&gt;&lt;Position xmlns:d5p1="CMS.Helpers.UniGraphConfig"&gt;&lt;d5p1:X&gt;2410&lt;/d5p1:X&gt;&lt;d5p1:Y&gt;440&lt;/d5p1:Y&gt;&lt;/Position&gt;&lt;/Definition&gt;&lt;ActionGuid&gt;a578a254-b251-4f1e-abb7-533e5898f012&lt;/ActionGuid&gt;&lt;ActionParameters xmlns:d4p1="http://schemas.microsoft.com/2003/10/Serialization/Arrays"&gt;&lt;d4p1:KeyValueOfstringstring&gt;&lt;d4p1:Key&gt;To&lt;/d4p1:Key&gt;&lt;d4p1:Value&gt;{% Contact.ContactOwnerUser.Email |(identity)GlobalAdministrator|(hash)61d3a875f25e32876ca8d3745c0197b628785aad8942236f95aaebec2a338a33%}&lt;/d4p1:Value&gt;&lt;/d4p1:KeyValueOfstringstring&gt;&lt;d4p1:KeyValueOfstringstring&gt;&lt;d4p1:Key&gt;BasedOn&lt;/d4p1:Key&gt;&lt;d4p1:Value&gt;1&lt;/d4p1:Value&gt;&lt;/d4p1:KeyValueOfstringstring&gt;&lt;/ActionParameters&gt;&lt;/Step&gt;&lt;Step&gt;&lt;DisplayName&gt;Send re-engagement email&lt;/DisplayName&gt;&lt;CodeName&gt;SendRe-engagementEmail&lt;/CodeName&gt;&lt;Id&gt;9&lt;/Id&gt;&lt;Type&gt;Action&lt;/Type&gt;&lt;Definition&gt;&lt;SourcePoints&gt;&lt;SourcePoint&gt;&lt;Guid&gt;3ba68cb6-961f-4a95-bf83-89a6adc0b0b1&lt;/Guid&gt;&lt;Label&gt;Default&lt;/Label&gt;&lt;Type&gt;0&lt;/Type&gt;&lt;StepRolesSecurity&gt;0&lt;/StepRolesSecurity&gt;&lt;StepUsersSecurity&gt;0&lt;/StepUsersSecurity&gt;&lt;/SourcePoint&gt;&lt;/SourcePoints&gt;&lt;Position xmlns:d5p1="CMS.Helpers.UniGraphConfig"&gt;&lt;d5p1:X&gt;3000&lt;/d5p1:X&gt;&lt;d5p1:Y&gt;440&lt;/d5p1:Y&gt;&lt;/Position&gt;&lt;/Definition&gt;&lt;ActionGuid&gt;b33d5c68-235d-406e-89d7-4f1714078940&lt;/ActionGuid&gt;&lt;/Step&gt;&lt;Step&gt;&lt;DisplayName&gt;Start&lt;/DisplayName&gt;&lt;CodeName&gt;start&lt;/CodeName&gt;&lt;Id&gt;10&lt;/Id&gt;&lt;Type&gt;Start&lt;/Type&gt;&lt;Definition&gt;&lt;SourcePoints&gt;&lt;SourcePoint&gt;&lt;Guid&gt;c4ec2acf-d879-4d97-85fd-c69908ea76d7&lt;/Guid&gt;&lt;Label&gt;Default&lt;/Label&gt;&lt;Type&gt;0&lt;/Type&gt;&lt;StepRolesSecurity&gt;0&lt;/StepRolesSecurity&gt;&lt;StepUsersSecurity&gt;0&lt;/StepUsersSecurity&gt;&lt;/SourcePoint&gt;&lt;/SourcePoints&gt;&lt;Position xmlns:d5p1="CMS.Helpers.UniGraphConfig"&gt;&lt;d5p1:X&gt;2380&lt;/d5p1:X&gt;&lt;d5p1:Y&gt;60&lt;/d5p1:Y&gt;&lt;/Position&gt;&lt;/Definition&gt;&lt;/Step&gt;&lt;/Steps&gt;&lt;Transitions&gt;&lt;Transition&gt;&lt;Type&gt;Automatic&lt;/Type&gt;&lt;StartStepId&gt;10&lt;/StartStepId&gt;&lt;EndStepId&gt;3&lt;/EndStepId&gt;&lt;SourcePointGuid&gt;c4ec2acf-d879-4d97-85fd-c69908ea76d7&lt;/SourcePointGuid&gt;&lt;/Transition&gt;&lt;Transition&gt;&lt;Type&gt;Automatic&lt;/Type&gt;&lt;StartStepId&gt;3&lt;/StartStepId&gt;&lt;EndStepId&gt;9&lt;/EndStepId&gt;&lt;SourcePointGuid&gt;971a7308-14f2-456e-b550-5abb325860d2&lt;/SourcePointGuid&gt;&lt;/Transition&gt;&lt;Transition&gt;&lt;Type&gt;Automatic&lt;/Type&gt;&lt;StartStepId&gt;3&lt;/StartStepId&gt;&lt;EndStepId&gt;8&lt;/EndStepId&gt;&lt;SourcePointGuid&gt;caa79cff-321b-43fd-9070-f009590ae612&lt;/SourcePointGuid&gt;&lt;/Transition&gt;&lt;Transition&gt;&lt;Type&gt;Automatic&lt;/Type&gt;&lt;StartStepId&gt;9&lt;/StartStepId&gt;&lt;EndStepId&gt;2&lt;/EndStepId&gt;&lt;SourcePointGuid&gt;3ba68cb6-961f-4a95-bf83-89a6adc0b0b1&lt;/SourcePointGuid&gt;&lt;/Transition&gt;&lt;Transition&gt;&lt;Type&gt;Manual&lt;/Type&gt;&lt;StartStepId&gt;1&lt;/StartStepId&gt;&lt;EndStepId&gt;2&lt;/EndStepId&gt;&lt;SourcePointGuid&gt;a7b1a74e-f4ef-438e-9bd2-7b67c82c4c0d&lt;/SourcePointGuid&gt;&lt;/Transition&gt;&lt;Transition&gt;&lt;Type&gt;Automatic&lt;/Type&gt;&lt;StartStepId&gt;8&lt;/StartStepId&gt;&lt;EndStepId&gt;1&lt;/EndStepId&gt;&lt;SourcePointGuid&gt;3858ffa5-ccf0-4cb2-8981-4182933a8d23&lt;/SourcePointGuid&gt;&lt;/Transition&gt;&lt;Transition&gt;&lt;Type&gt;Automatic&lt;/Type&gt;&lt;StartStepId&gt;3&lt;/StartStepId&gt;&lt;EndStepId&gt;2&lt;/EndStepId&gt;&lt;SourcePointGuid&gt;1c4ba23f-217d-4459-bcdf-a66e159f48d0&lt;/SourcePointGuid&gt;&lt;/Transition&gt;&lt;/Transitions&gt;&lt;Triggers&gt;&lt;Trigger&gt;&lt;DisplayName&gt;Contact has not done any activity in the last 300 days&lt;/DisplayName&gt;&lt;Type&gt;TimeBased&lt;/Type&gt;&lt;ObjectType&gt;cms.objectscheduledtask&lt;/ObjectType&gt;&lt;MacroCondition&gt;{%Rule("(Contact.IsInactive(300))", "&amp;lt;rules&amp;gt;&amp;lt;r pos=\"0\" par=\"\" op=\"and\" n=\"CMSContactInactiveInTheLastXDays\" &amp;gt;&amp;lt;p n=\"days\"&amp;gt;&amp;lt;t&amp;gt;300&amp;lt;/t&amp;gt;&amp;lt;v&amp;gt;300&amp;lt;/v&amp;gt;&amp;lt;r&amp;gt;1&amp;lt;/r&amp;gt;&amp;lt;d&amp;gt;enter days&amp;lt;/d&amp;gt;&amp;lt;vt&amp;gt;integer&amp;lt;/vt&amp;gt;&amp;lt;tv&amp;gt;1&amp;lt;/tv&amp;gt;&amp;lt;/p&amp;gt;&amp;lt;/r&amp;gt;&amp;lt;/rules&amp;gt;")|(identity)GlobalAdministrator|(hash)e47e31af7483f68d266a5c9ba85ecb3ae8dba2626b53181a53736c42087db7e7%}&lt;/MacroCondition&gt;&lt;Parameters xmlns:d4p1="http://schemas.microsoft.com/2003/10/Serialization/Arrays"&gt;&lt;d4p1:KeyValueOfstringstring&gt;&lt;d4p1:Key&gt;TriggerInterval&lt;/d4p1:Key&gt;&lt;d4p1:Value&gt;week;1/5/2020 2:00:00 AM;1&lt;/d4p1:Value&gt;&lt;/d4p1:KeyValueOfstringstring&gt;&lt;/Parameters&gt;&lt;/Trigger&gt;&lt;/Triggers&gt;&lt;/TemplateConfiguration&gt;</TemplateConfiguration>
    <TemplateGuid>3220f988-d7c8-46cc-aad8-14aa10edebd9</TemplateGuid>
    <TemplateLastModified>2020-04-22T05:01:01.1100409+02:00</TemplateLastModified>
  </CMS_AutomationTemplate>
</NewDataSet>