<NewDataSet>
  <xs:schema id="NewDataSet" xmlns="" xmlns:xs="http://www.w3.org/2001/XMLSchema" xmlns:msdata="urn:schemas-microsoft-com:xml-msdata" xmlns:msprop="urn:schemas-microsoft-com:xml-msprop">
    <xs:element name="NewDataSet" msdata:IsDataSet="true" msdata:UseCurrentLocale="true" msdata:IsReadOnly="False">
      <xs:complexType>
        <xs:choice minOccurs="0" maxOccurs="unbounded">
          <xs:element name="Reporting_ReportCategory" msprop:IsFromCMSDatabase="True" msprop:CMSHasExternalData="True">
            <xs:complexType>
              <xs:sequence>
                <xs:element name="CategoryID" type="xs:int" minOccurs="0" />
                <xs:element name="CategoryDisplayName" type="xs:string" minOccurs="0" />
                <xs:element name="CategoryCodeName" type="xs:string" minOccurs="0" />
                <xs:element name="CategoryGUID" msdata:DataType="System.Guid, mscorlib, Version=4.0.0.0, Culture=neutral, PublicKeyToken=b77a5c561934e089" type="xs:string" minOccurs="0" />
                <xs:element name="CategoryLastModified" type="xs:dateTime" minOccurs="0" />
                <xs:element name="CategoryParentID" type="xs:int" minOccurs="0" />
                <xs:element name="CategoryImagePath" type="xs:string" minOccurs="0" />
                <xs:element name="CategoryPath" type="xs:string" minOccurs="0" />
                <xs:element name="CategoryLevel" type="xs:int" minOccurs="0" />
                <xs:element name="CategoryChildCount" type="xs:int" minOccurs="0" />
                <xs:element name="CategoryReportChildCount" type="xs:int" minOccurs="0" />
              </xs:sequence>
            </xs:complexType>
          </xs:element>
        </xs:choice>
      </xs:complexType>
    </xs:element>
  </xs:schema>
  <Reporting_ReportCategory>
    <CategoryID>47</CategoryID>
    <CategoryDisplayName>All reports</CategoryDisplayName>
    <CategoryCodeName>/</CategoryCodeName>
    <CategoryGUID>5e7ffa76-b570-45b0-80f5-a56cba487a39</CategoryGUID>
    <CategoryLastModified>2017-03-03T13:19:47.6432878+01:00</CategoryLastModified>
    <CategoryPath>/</CategoryPath>
    <CategoryLevel>0</CategoryLevel>
    <CategoryChildCount>12</CategoryChildCount>
    <CategoryReportChildCount>0</CategoryReportChildCount>
  </Reporting_ReportCategory>
  <Reporting_ReportCategory>
    <CategoryID>412</CategoryID>
    <CategoryDisplayName>A/B testing (MVC)</CategoryDisplayName>
    <CategoryCodeName>A_BTesting_MVC</CategoryCodeName>
    <CategoryGUID>03954bd1-3b62-489d-8cc3-bfdb7dd61ea3</CategoryGUID>
    <CategoryLastModified>2019-06-27T12:35:40.2261416+02:00</CategoryLastModified>
    <CategoryParentID>47</CategoryParentID>
    <CategoryPath>/A_BTesting_MVC</CategoryPath>
    <CategoryLevel>1</CategoryLevel>
    <CategoryChildCount>4</CategoryChildCount>
    <CategoryReportChildCount>0</CategoryReportChildCount>
  </Reporting_ReportCategory>
  <Reporting_ReportCategory>
    <CategoryID>192</CategoryID>
    <CategoryDisplayName>A/B testing</CategoryDisplayName>
    <CategoryCodeName>ABTesting</CategoryCodeName>
    <CategoryGUID>bde47e65-3e40-4f09-abf1-eaacbe272e71</CategoryGUID>
    <CategoryLastModified>2017-03-03T13:19:45.9754123+01:00</CategoryLastModified>
    <CategoryParentID>47</CategoryParentID>
    <CategoryPath>/ABTesting</CategoryPath>
    <CategoryLevel>1</CategoryLevel>
    <CategoryChildCount>4</CategoryChildCount>
    <CategoryReportChildCount>0</CategoryReportChildCount>
  </Reporting_ReportCategory>
  <Reporting_ReportCategory>
    <CategoryID>12</CategoryID>
    <CategoryDisplayName>Page reports</CategoryDisplayName>
    <CategoryCodeName>DocumentReports</CategoryCodeName>
    <CategoryGUID>763c75ba-f2a2-40fd-a9a9-0a23fe6caeea</CategoryGUID>
    <CategoryLastModified>2017-03-03T13:19:46.4328345+01:00</CategoryLastModified>
    <CategoryParentID>47</CategoryParentID>
    <CategoryPath>/DocumentReports</CategoryPath>
    <CategoryLevel>1</CategoryLevel>
    <CategoryChildCount>0</CategoryChildCount>
    <CategoryReportChildCount>7</CategoryReportChildCount>
  </Reporting_ReportCategory>
  <Reporting_ReportCategory>
    <CategoryID>13</CategoryID>
    <CategoryDisplayName>E-commerce</CategoryDisplayName>
    <CategoryCodeName>EcommerceReports</CategoryCodeName>
    <CategoryGUID>10595f9b-8a32-464e-85c6-33404ebfcd67</CategoryGUID>
    <CategoryLastModified>2017-03-03T13:19:46.454384+01:00</CategoryLastModified>
    <CategoryParentID>47</CategoryParentID>
    <CategoryPath>/EcommerceReports</CategoryPath>
    <CategoryLevel>1</CategoryLevel>
    <CategoryChildCount>4</CategoryChildCount>
    <CategoryReportChildCount>0</CategoryReportChildCount>
  </Reporting_ReportCategory>
  <Reporting_ReportCategory>
    <CategoryID>21</CategoryID>
    <CategoryDisplayName>Forums</CategoryDisplayName>
    <CategoryCodeName>Forums</CategoryCodeName>
    <CategoryGUID>0517a811-fbfa-4aeb-a9ae-8a58ce23e12e</CategoryGUID>
    <CategoryLastModified>2017-03-03T13:19:46.6356359+01:00</CategoryLastModified>
    <CategoryParentID>47</CategoryParentID>
    <CategoryPath>/Forums</CategoryPath>
    <CategoryLevel>1</CategoryLevel>
    <CategoryChildCount>0</CategoryChildCount>
    <CategoryReportChildCount>4</CategoryReportChildCount>
  </Reporting_ReportCategory>
  <Reporting_ReportCategory>
    <CategoryID>19</CategoryID>
    <CategoryDisplayName>Membership</CategoryDisplayName>
    <CategoryCodeName>Membership</CategoryCodeName>
    <CategoryGUID>413a5a4c-8b8a-4328-a693-c56e1de76b83</CategoryGUID>
    <CategoryLastModified>2017-03-03T13:19:46.7525499+01:00</CategoryLastModified>
    <CategoryParentID>47</CategoryParentID>
    <CategoryPath>/Membership</CategoryPath>
    <CategoryLevel>1</CategoryLevel>
    <CategoryChildCount>0</CategoryChildCount>
    <CategoryReportChildCount>1</CategoryReportChildCount>
  </Reporting_ReportCategory>
  <Reporting_ReportCategory>
    <CategoryID>269</CategoryID>
    <CategoryDisplayName>MVT testing</CategoryDisplayName>
    <CategoryCodeName>MVTesting</CategoryCodeName>
    <CategoryGUID>48d20e80-7544-4791-bb87-741bf42e0be2</CategoryGUID>
    <CategoryLastModified>2017-03-03T13:19:46.8587789+01:00</CategoryLastModified>
    <CategoryParentID>47</CategoryParentID>
    <CategoryPath>/MVTesting</CategoryPath>
    <CategoryLevel>1</CategoryLevel>
    <CategoryChildCount>4</CategoryChildCount>
    <CategoryReportChildCount>0</CategoryReportChildCount>
  </Reporting_ReportCategory>
  <Reporting_ReportCategory>
    <CategoryID>184</CategoryID>
    <CategoryDisplayName>Sample reports</CategoryDisplayName>
    <CategoryCodeName>SampleReports</CategoryCodeName>
    <CategoryGUID>a4d97a6d-3939-4f8f-be45-a2e7efa20d1e</CategoryGUID>
    <CategoryLastModified>2017-03-03T13:19:47.6808846+01:00</CategoryLastModified>
    <CategoryParentID>47</CategoryParentID>
    <CategoryPath>/SampleReports</CategoryPath>
    <CategoryLevel>1</CategoryLevel>
    <CategoryChildCount>0</CategoryChildCount>
    <CategoryReportChildCount>1</CategoryReportChildCount>
  </Reporting_ReportCategory>
  <Reporting_ReportCategory>
    <CategoryID>350</CategoryID>
    <CategoryDisplayName>Social marketing</CategoryDisplayName>
    <CategoryCodeName>SocialMarketing</CategoryCodeName>
    <CategoryGUID>416f3a5f-488b-4299-bb18-90d87764021a</CategoryGUID>
    <CategoryLastModified>2017-03-03T13:19:47.900922+01:00</CategoryLastModified>
    <CategoryParentID>47</CategoryParentID>
    <CategoryPath>/SocialMarketing</CategoryPath>
    <CategoryLevel>1</CategoryLevel>
    <CategoryChildCount>3</CategoryChildCount>
    <CategoryReportChildCount>0</CategoryReportChildCount>
  </Reporting_ReportCategory>
  <Reporting_ReportCategory>
    <CategoryID>4</CategoryID>
    <CategoryDisplayName>Web Analytics</CategoryDisplayName>
    <CategoryCodeName>WebAnalytics</CategoryCodeName>
    <CategoryGUID>8d48afa7-5164-4ec1-94e7-19c18956f79c</CategoryGUID>
    <CategoryLastModified>2017-03-03T13:19:48.01491+01:00</CategoryLastModified>
    <CategoryParentID>47</CategoryParentID>
    <CategoryPath>/WebAnalytics</CategoryPath>
    <CategoryLevel>1</CategoryLevel>
    <CategoryChildCount>18</CategoryChildCount>
    <CategoryReportChildCount>0</CategoryReportChildCount>
  </Reporting_ReportCategory>
  <Reporting_ReportCategory>
    <CategoryID>297</CategoryID>
    <CategoryDisplayName>Banner management</CategoryDisplayName>
    <CategoryCodeName>BannerManagement</CategoryCodeName>
    <CategoryGUID>0bbaf6ee-691e-4b31-9ca5-db098255806b</CategoryGUID>
    <CategoryLastModified>2017-03-03T13:19:46.1084173+01:00</CategoryLastModified>
    <CategoryParentID>47</CategoryParentID>
    <CategoryPath>/BannerManagement</CategoryPath>
    <CategoryLevel>1</CategoryLevel>
    <CategoryChildCount>2</CategoryChildCount>
    <CategoryReportChildCount>6</CategoryReportChildCount>
  </Reporting_ReportCategory>
  <Reporting_ReportCategory>
    <CategoryID>289</CategoryID>
    <CategoryDisplayName>Online marketing</CategoryDisplayName>
    <CategoryCodeName>OnlineMarketing</CategoryCodeName>
    <CategoryGUID>7d018864-446f-4eda-b802-a607021b9380</CategoryGUID>
    <CategoryLastModified>2017-03-03T13:19:46.883322+01:00</CategoryLastModified>
    <CategoryParentID>47</CategoryParentID>
    <CategoryPath>/OnlineMarketing</CategoryPath>
    <CategoryLevel>1</CategoryLevel>
    <CategoryChildCount>2</CategoryChildCount>
    <CategoryReportChildCount>2</CategoryReportChildCount>
  </Reporting_ReportCategory>
  <Reporting_ReportCategory>
    <CategoryID>225</CategoryID>
    <CategoryDisplayName>Conversion</CategoryDisplayName>
    <CategoryCodeName>Conversion</CategoryCodeName>
    <CategoryGUID>7c6e7488-3d05-417f-8ff7-e63998bea5e2</CategoryGUID>
    <CategoryLastModified>2017-03-03T13:19:46.3125897+01:00</CategoryLastModified>
    <CategoryParentID>4</CategoryParentID>
    <CategoryPath>/WebAnalytics/Conversion</CategoryPath>
    <CategoryLevel>2</CategoryLevel>
    <CategoryChildCount>2</CategoryChildCount>
    <CategoryReportChildCount>0</CategoryReportChildCount>
  </Reporting_ReportCategory>
  <Reporting_ReportCategory>
    <CategoryID>226</CategoryID>
    <CategoryDisplayName>Countries</CategoryDisplayName>
    <CategoryCodeName>Countries</CategoryCodeName>
    <CategoryGUID>4fd7544d-b054-4ec0-83c3-71a4715ea655</CategoryGUID>
    <CategoryLastModified>2017-03-03T13:19:46.3926401+01:00</CategoryLastModified>
    <CategoryParentID>4</CategoryParentID>
    <CategoryPath>/WebAnalytics/Countries</CategoryPath>
    <CategoryLevel>2</CategoryLevel>
    <CategoryChildCount>0</CategoryChildCount>
    <CategoryReportChildCount>5</CategoryReportChildCount>
  </Reporting_ReportCategory>
  <Reporting_ReportCategory>
    <CategoryID>223</CategoryID>
    <CategoryDisplayName>Invalid pages</CategoryDisplayName>
    <CategoryCodeName>InvalidPages</CategoryCodeName>
    <CategoryGUID>ef1cf9b6-37e5-4983-a65b-d2b370a18deb</CategoryGUID>
    <CategoryLastModified>2017-03-03T13:19:46.6792687+01:00</CategoryLastModified>
    <CategoryParentID>4</CategoryParentID>
    <CategoryPath>/WebAnalytics/InvalidPages</CategoryPath>
    <CategoryLevel>2</CategoryLevel>
    <CategoryChildCount>0</CategoryChildCount>
    <CategoryReportChildCount>5</CategoryReportChildCount>
  </Reporting_ReportCategory>
  <Reporting_ReportCategory>
    <CategoryID>293</CategoryID>
    <CategoryDisplayName>Mobile devices</CategoryDisplayName>
    <CategoryCodeName>mobiledevices</CategoryCodeName>
    <CategoryGUID>8ba3743b-9945-47b3-9cf5-c8b3a0f336fd</CategoryGUID>
    <CategoryLastModified>2017-03-03T13:19:46.7692787+01:00</CategoryLastModified>
    <CategoryParentID>4</CategoryParentID>
    <CategoryPath>/WebAnalytics/mobiledevices</CategoryPath>
    <CategoryLevel>2</CategoryLevel>
    <CategoryChildCount>0</CategoryChildCount>
    <CategoryReportChildCount>5</CategoryReportChildCount>
  </Reporting_ReportCategory>
  <Reporting_ReportCategory>
    <CategoryID>248</CategoryID>
    <CategoryDisplayName>On-site keywords</CategoryDisplayName>
    <CategoryCodeName>OnSiteKeywords</CategoryCodeName>
    <CategoryGUID>089b9aac-cb75-4128-99a2-459ed361ea44</CategoryGUID>
    <CategoryLastModified>2017-03-03T13:19:46.9119844+01:00</CategoryLastModified>
    <CategoryParentID>4</CategoryParentID>
    <CategoryPath>/WebAnalytics/OnSiteKeywords</CategoryPath>
    <CategoryLevel>2</CategoryLevel>
    <CategoryChildCount>0</CategoryChildCount>
    <CategoryReportChildCount>5</CategoryReportChildCount>
  </Reporting_ReportCategory>
  <Reporting_ReportCategory>
    <CategoryID>224</CategoryID>
    <CategoryDisplayName>Page views</CategoryDisplayName>
    <CategoryCodeName>PageViews</CategoryCodeName>
    <CategoryGUID>6a09d0cf-887b-45b1-a959-3387c29cf3c7</CategoryGUID>
    <CategoryLastModified>2017-03-03T13:19:47.5222538+01:00</CategoryLastModified>
    <CategoryParentID>4</CategoryParentID>
    <CategoryPath>/WebAnalytics/PageViews</CategoryPath>
    <CategoryLevel>2</CategoryLevel>
    <CategoryChildCount>0</CategoryChildCount>
    <CategoryReportChildCount>10</CategoryReportChildCount>
  </Reporting_ReportCategory>
  <Reporting_ReportCategory>
    <CategoryID>220</CategoryID>
    <CategoryDisplayName>Referrals</CategoryDisplayName>
    <CategoryCodeName>Refferals</CategoryCodeName>
    <CategoryGUID>abd1d9dd-adaf-4f02-98ce-5bc8f7aa3c8d</CategoryGUID>
    <CategoryLastModified>2017-03-03T13:19:47.5856847+01:00</CategoryLastModified>
    <CategoryParentID>4</CategoryParentID>
    <CategoryPath>/WebAnalytics/Refferals</CategoryPath>
    <CategoryLevel>2</CategoryLevel>
    <CategoryChildCount>0</CategoryChildCount>
    <CategoryReportChildCount>5</CategoryReportChildCount>
  </Reporting_ReportCategory>
  <Reporting_ReportCategory>
    <CategoryID>245</CategoryID>
    <CategoryDisplayName>Referring sites</CategoryDisplayName>
    <CategoryCodeName>RefferingSites</CategoryCodeName>
    <CategoryGUID>9026825c-3aa6-4a78-bb0e-13d53aa47474</CategoryGUID>
    <CategoryLastModified>2017-03-03T13:19:47.6066835+01:00</CategoryLastModified>
    <CategoryParentID>4</CategoryParentID>
    <CategoryPath>/WebAnalytics/RefferingSites</CategoryPath>
    <CategoryLevel>2</CategoryLevel>
    <CategoryChildCount>0</CategoryChildCount>
    <CategoryReportChildCount>5</CategoryReportChildCount>
  </Reporting_ReportCategory>
  <Reporting_ReportCategory>
    <CategoryID>218</CategoryID>
    <CategoryDisplayName>Registred users</CategoryDisplayName>
    <CategoryCodeName>RegistredUsers</CategoryCodeName>
    <CategoryGUID>a57bf8d4-1711-4a87-a289-10d4ec4d72df</CategoryGUID>
    <CategoryLastModified>2017-03-03T13:19:47.626114+01:00</CategoryLastModified>
    <CategoryParentID>4</CategoryParentID>
    <CategoryPath>/WebAnalytics/RegistredUsers</CategoryPath>
    <CategoryLevel>2</CategoryLevel>
    <CategoryChildCount>0</CategoryChildCount>
    <CategoryReportChildCount>5</CategoryReportChildCount>
  </Reporting_ReportCategory>
  <Reporting_ReportCategory>
    <CategoryID>292</CategoryID>
    <CategoryDisplayName>Search crawlers</CategoryDisplayName>
    <CategoryCodeName>SearchCrawlers</CategoryCodeName>
    <CategoryGUID>e45ca3b3-171e-4d3c-bc0c-67545a696f2d</CategoryGUID>
    <CategoryLastModified>2017-03-03T13:19:47.7908445+01:00</CategoryLastModified>
    <CategoryParentID>4</CategoryParentID>
    <CategoryPath>/WebAnalytics/SearchCrawlers</CategoryPath>
    <CategoryLevel>2</CategoryLevel>
    <CategoryChildCount>0</CategoryChildCount>
    <CategoryReportChildCount>5</CategoryReportChildCount>
  </Reporting_ReportCategory>
  <Reporting_ReportCategory>
    <CategoryID>246</CategoryID>
    <CategoryDisplayName>Search engines</CategoryDisplayName>
    <CategoryCodeName>SearchEngines</CategoryCodeName>
    <CategoryGUID>6aadd5ee-c055-48a6-9f01-c4ede14dcf55</CategoryGUID>
    <CategoryLastModified>2017-03-03T13:19:47.8216172+01:00</CategoryLastModified>
    <CategoryParentID>4</CategoryParentID>
    <CategoryPath>/WebAnalytics/SearchEngines</CategoryPath>
    <CategoryLevel>2</CategoryLevel>
    <CategoryChildCount>0</CategoryChildCount>
    <CategoryReportChildCount>5</CategoryReportChildCount>
  </Reporting_ReportCategory>
  <Reporting_ReportCategory>
    <CategoryID>247</CategoryID>
    <CategoryDisplayName>Search keywords</CategoryDisplayName>
    <CategoryCodeName>SearchKeywords</CategoryCodeName>
    <CategoryGUID>fe418f07-078c-4c3d-9bdf-cdf5079de0d1</CategoryGUID>
    <CategoryLastModified>2017-03-03T13:19:47.8449748+01:00</CategoryLastModified>
    <CategoryParentID>4</CategoryParentID>
    <CategoryPath>/WebAnalytics/SearchKeywords</CategoryPath>
    <CategoryLevel>2</CategoryLevel>
    <CategoryChildCount>0</CategoryChildCount>
    <CategoryReportChildCount>5</CategoryReportChildCount>
  </Reporting_ReportCategory>
  <Reporting_ReportCategory>
    <CategoryID>243</CategoryID>
    <CategoryDisplayName>Top exit pages</CategoryDisplayName>
    <CategoryCodeName>TopExistPages</CategoryCodeName>
    <CategoryGUID>6e36495b-2934-4118-bc0b-2fab27305a51</CategoryGUID>
    <CategoryLastModified>2017-03-03T13:19:47.9201293+01:00</CategoryLastModified>
    <CategoryParentID>4</CategoryParentID>
    <CategoryPath>/WebAnalytics/TopExistPages</CategoryPath>
    <CategoryLevel>2</CategoryLevel>
    <CategoryChildCount>0</CategoryChildCount>
    <CategoryReportChildCount>10</CategoryReportChildCount>
  </Reporting_ReportCategory>
  <Reporting_ReportCategory>
    <CategoryID>242</CategoryID>
    <CategoryDisplayName>Top landing pages</CategoryDisplayName>
    <CategoryCodeName>TopLandingPages</CategoryCodeName>
    <CategoryGUID>d9b0215a-744e-410c-90bc-85c71de3021e</CategoryGUID>
    <CategoryLastModified>2017-03-03T13:19:47.9376475+01:00</CategoryLastModified>
    <CategoryParentID>4</CategoryParentID>
    <CategoryPath>/WebAnalytics/TopLandingPages</CategoryPath>
    <CategoryLevel>2</CategoryLevel>
    <CategoryChildCount>0</CategoryChildCount>
    <CategoryReportChildCount>10</CategoryReportChildCount>
  </Reporting_ReportCategory>
  <Reporting_ReportCategory>
    <CategoryID>217</CategoryID>
    <CategoryDisplayName>Visits</CategoryDisplayName>
    <CategoryCodeName>Visits</CategoryCodeName>
    <CategoryGUID>7f32b999-d7e0-4909-9a74-4d6e1d02b175</CategoryGUID>
    <CategoryLastModified>2017-03-03T13:19:48.0019758+01:00</CategoryLastModified>
    <CategoryParentID>4</CategoryParentID>
    <CategoryPath>/WebAnalytics/Visits</CategoryPath>
    <CategoryLevel>2</CategoryLevel>
    <CategoryChildCount>0</CategoryChildCount>
    <CategoryReportChildCount>5</CategoryReportChildCount>
  </Reporting_ReportCategory>
  <Reporting_ReportCategory>
    <CategoryID>221</CategoryID>
    <CategoryDisplayName>Aggregated views</CategoryDisplayName>
    <CategoryCodeName>AggregatedViews</CategoryCodeName>
    <CategoryGUID>f7c37411-f8a5-4a6d-b9e1-c18cc0e70a17</CategoryGUID>
    <CategoryLastModified>2017-03-03T13:19:46.0044246+01:00</CategoryLastModified>
    <CategoryParentID>4</CategoryParentID>
    <CategoryPath>/WebAnalytics/AggregatedViews</CategoryPath>
    <CategoryLevel>2</CategoryLevel>
    <CategoryChildCount>0</CategoryChildCount>
    <CategoryReportChildCount>10</CategoryReportChildCount>
  </Reporting_ReportCategory>
  <Reporting_ReportCategory>
    <CategoryID>244</CategoryID>
    <CategoryDisplayName>All traffic sources</CategoryDisplayName>
    <CategoryCodeName>AllTrafficSources</CategoryCodeName>
    <CategoryGUID>0160ccb8-4872-45e4-8cdd-75afbdc4c67f</CategoryGUID>
    <CategoryLastModified>2017-03-03T13:19:46.0269949+01:00</CategoryLastModified>
    <CategoryParentID>4</CategoryParentID>
    <CategoryPath>/WebAnalytics/AllTrafficSources</CategoryPath>
    <CategoryLevel>2</CategoryLevel>
    <CategoryChildCount>0</CategoryChildCount>
    <CategoryReportChildCount>5</CategoryReportChildCount>
  </Reporting_ReportCategory>
  <Reporting_ReportCategory>
    <CategoryID>234</CategoryID>
    <CategoryDisplayName>Browser capabilities</CategoryDisplayName>
    <CategoryCodeName>BrowserCapabilities</CategoryCodeName>
    <CategoryGUID>725ed798-26b2-459b-b295-fd4e381afd9a</CategoryGUID>
    <CategoryLastModified>2017-03-03T13:19:46.1693834+01:00</CategoryLastModified>
    <CategoryParentID>4</CategoryParentID>
    <CategoryPath>/WebAnalytics/BrowserCapabilities</CategoryPath>
    <CategoryLevel>2</CategoryLevel>
    <CategoryChildCount>7</CategoryChildCount>
    <CategoryReportChildCount>0</CategoryReportChildCount>
  </Reporting_ReportCategory>
  <Reporting_ReportCategory>
    <CategoryID>300</CategoryID>
    <CategoryDisplayName>Customers</CategoryDisplayName>
    <CategoryCodeName>Customers</CategoryCodeName>
    <CategoryGUID>a6879aa2-3b5d-4e47-a266-6a525d8f7425</CategoryGUID>
    <CategoryLastModified>2017-03-03T13:19:46.4154429+01:00</CategoryLastModified>
    <CategoryParentID>13</CategoryParentID>
    <CategoryPath>/EcommerceReports/Customers</CategoryPath>
    <CategoryLevel>2</CategoryLevel>
    <CategoryChildCount>0</CategoryChildCount>
    <CategoryReportChildCount>3</CategoryReportChildCount>
  </Reporting_ReportCategory>
  <Reporting_ReportCategory>
    <CategoryID>232</CategoryID>
    <CategoryDisplayName>Orders</CategoryDisplayName>
    <CategoryCodeName>Orders</CategoryCodeName>
    <CategoryGUID>5332254f-ae4d-4dd3-bb05-76168dbbe374</CategoryGUID>
    <CategoryLastModified>2017-03-03T13:19:46.9479238+01:00</CategoryLastModified>
    <CategoryParentID>13</CategoryParentID>
    <CategoryPath>/EcommerceReports/Orders</CategoryPath>
    <CategoryLevel>2</CategoryLevel>
    <CategoryChildCount>0</CategoryChildCount>
    <CategoryReportChildCount>15</CategoryReportChildCount>
  </Reporting_ReportCategory>
  <Reporting_ReportCategory>
    <CategoryID>301</CategoryID>
    <CategoryDisplayName>Products</CategoryDisplayName>
    <CategoryCodeName>Products</CategoryCodeName>
    <CategoryGUID>55993d28-45f4-4cd9-8c93-4df09225d81a</CategoryGUID>
    <CategoryLastModified>2017-03-03T13:19:47.5616714+01:00</CategoryLastModified>
    <CategoryParentID>13</CategoryParentID>
    <CategoryPath>/EcommerceReports/Products</CategoryPath>
    <CategoryLevel>2</CategoryLevel>
    <CategoryChildCount>0</CategoryChildCount>
    <CategoryReportChildCount>4</CategoryReportChildCount>
  </Reporting_ReportCategory>
  <Reporting_ReportCategory>
    <CategoryID>233</CategoryID>
    <CategoryDisplayName>Sales</CategoryDisplayName>
    <CategoryCodeName>Sales</CategoryCodeName>
    <CategoryGUID>6b5745fd-6483-46b0-ae14-539b5ce8989f</CategoryGUID>
    <CategoryLastModified>2017-03-03T13:19:47.6615214+01:00</CategoryLastModified>
    <CategoryParentID>13</CategoryParentID>
    <CategoryPath>/EcommerceReports/Sales</CategoryPath>
    <CategoryLevel>2</CategoryLevel>
    <CategoryChildCount>0</CategoryChildCount>
    <CategoryReportChildCount>15</CategoryReportChildCount>
  </Reporting_ReportCategory>
  <Reporting_ReportCategory>
    <CategoryID>208</CategoryID>
    <CategoryDisplayName>Conversions count</CategoryDisplayName>
    <CategoryCodeName>ABTestConversionsCountDetail</CategoryCodeName>
    <CategoryGUID>6a31120f-d755-4128-9b32-32009af59257</CategoryGUID>
    <CategoryLastModified>2017-03-03T13:19:45.9083807+01:00</CategoryLastModified>
    <CategoryParentID>192</CategoryParentID>
    <CategoryPath>/ABTesting/ABTestConversionsCountDetail</CategoryPath>
    <CategoryLevel>2</CategoryLevel>
    <CategoryChildCount>0</CategoryChildCount>
    <CategoryReportChildCount>3</CategoryReportChildCount>
  </Reporting_ReportCategory>
  <Reporting_ReportCategory>
    <CategoryID>212</CategoryID>
    <CategoryDisplayName>Conversion rate</CategoryDisplayName>
    <CategoryCodeName>abtestconversiontestdetail</CategoryCodeName>
    <CategoryGUID>1cce0e41-fab5-446a-b4ad-3d98de4e3716</CategoryGUID>
    <CategoryLastModified>2017-03-03T13:19:45.9507245+01:00</CategoryLastModified>
    <CategoryParentID>192</CategoryParentID>
    <CategoryPath>/ABTesting/abtestconversiontestdetail</CategoryPath>
    <CategoryLevel>2</CategoryLevel>
    <CategoryChildCount>0</CategoryChildCount>
    <CategoryReportChildCount>3</CategoryReportChildCount>
  </Reporting_ReportCategory>
  <Reporting_ReportCategory>
    <CategoryID>379</CategoryID>
    <CategoryDisplayName>Average conversion value</CategoryDisplayName>
    <CategoryCodeName>AverageConversionValue</CategoryCodeName>
    <CategoryGUID>3d425d86-68b2-41c5-aa0a-7184409f67fb</CategoryGUID>
    <CategoryLastModified>2017-03-03T13:19:46.0791689+01:00</CategoryLastModified>
    <CategoryParentID>192</CategoryParentID>
    <CategoryPath>/ABTesting/AverageConversionValue</CategoryPath>
    <CategoryLevel>2</CategoryLevel>
    <CategoryChildCount>0</CategoryChildCount>
    <CategoryReportChildCount>3</CategoryReportChildCount>
  </Reporting_ReportCategory>
  <Reporting_ReportCategory>
    <CategoryID>211</CategoryID>
    <CategoryDisplayName>Conversion value</CategoryDisplayName>
    <CategoryCodeName>ConversionValueDetail</CategoryCodeName>
    <CategoryGUID>5ea8e8fe-a7f9-4286-9639-ab36c7d7e75f</CategoryGUID>
    <CategoryLastModified>2017-03-03T13:19:46.3729733+01:00</CategoryLastModified>
    <CategoryParentID>192</CategoryParentID>
    <CategoryPath>/ABTesting/ConversionValueDetail</CategoryPath>
    <CategoryLevel>2</CategoryLevel>
    <CategoryChildCount>0</CategoryChildCount>
    <CategoryReportChildCount>3</CategoryReportChildCount>
  </Reporting_ReportCategory>
  <Reporting_ReportCategory>
    <CategoryID>275</CategoryID>
    <CategoryDisplayName>Conversion count</CategoryDisplayName>
    <CategoryCodeName>MVTestConversionCountDetail</CategoryCodeName>
    <CategoryGUID>2c386871-2398-4420-a369-01d0f6b82099</CategoryGUID>
    <CategoryLastModified>2017-03-03T13:19:46.7934502+01:00</CategoryLastModified>
    <CategoryParentID>269</CategoryParentID>
    <CategoryPath>/MVTesting/MVTestConversionCountDetail</CategoryPath>
    <CategoryLevel>2</CategoryLevel>
    <CategoryChildCount>0</CategoryChildCount>
    <CategoryReportChildCount>5</CategoryReportChildCount>
  </Reporting_ReportCategory>
  <Reporting_ReportCategory>
    <CategoryID>277</CategoryID>
    <CategoryDisplayName>Conversion rate</CategoryDisplayName>
    <CategoryCodeName>MVTestConversionRate</CategoryCodeName>
    <CategoryGUID>0c7b0e0a-298b-4ebc-9836-8e9b7a717297</CategoryGUID>
    <CategoryLastModified>2017-03-03T13:19:46.8109205+01:00</CategoryLastModified>
    <CategoryParentID>269</CategoryParentID>
    <CategoryPath>/MVTesting/MVTestConversionRate</CategoryPath>
    <CategoryLevel>2</CategoryLevel>
    <CategoryChildCount>0</CategoryChildCount>
    <CategoryReportChildCount>5</CategoryReportChildCount>
  </Reporting_ReportCategory>
  <Reporting_ReportCategory>
    <CategoryID>278</CategoryID>
    <CategoryDisplayName>Conversions by combinations</CategoryDisplayName>
    <CategoryCodeName>MVTestConversionsByCombinations</CategoryCodeName>
    <CategoryGUID>a32e260a-f2c4-4ebd-a37f-fc1bee2c1ab0</CategoryGUID>
    <CategoryLastModified>2017-03-03T13:19:46.8291761+01:00</CategoryLastModified>
    <CategoryParentID>269</CategoryParentID>
    <CategoryPath>/MVTesting/MVTestConversionsByCombinations</CategoryPath>
    <CategoryLevel>2</CategoryLevel>
    <CategoryChildCount>0</CategoryChildCount>
    <CategoryReportChildCount>5</CategoryReportChildCount>
  </Reporting_ReportCategory>
  <Reporting_ReportCategory>
    <CategoryID>276</CategoryID>
    <CategoryDisplayName>Conversion value</CategoryDisplayName>
    <CategoryCodeName>MVTestConversionValue</CategoryCodeName>
    <CategoryGUID>dbf16179-37c1-471d-8503-83b28f55e4c1</CategoryGUID>
    <CategoryLastModified>2017-03-03T13:19:46.8453054+01:00</CategoryLastModified>
    <CategoryParentID>269</CategoryParentID>
    <CategoryPath>/MVTesting/MVTestConversionValue</CategoryPath>
    <CategoryLevel>2</CategoryLevel>
    <CategoryChildCount>0</CategoryChildCount>
    <CategoryReportChildCount>5</CategoryReportChildCount>
  </Reporting_ReportCategory>
  <Reporting_ReportCategory>
    <CategoryID>314</CategoryID>
    <CategoryDisplayName>Automation</CategoryDisplayName>
    <CategoryCodeName>Automation</CategoryCodeName>
    <CategoryGUID>6864151f-4ab6-4647-af44-5b3f2ce50842</CategoryGUID>
    <CategoryLastModified>2017-03-03T13:19:46.0515019+01:00</CategoryLastModified>
    <CategoryParentID>289</CategoryParentID>
    <CategoryPath>/OnlineMarketing/Automation</CategoryPath>
    <CategoryLevel>2</CategoryLevel>
    <CategoryChildCount>0</CategoryChildCount>
    <CategoryReportChildCount>1</CategoryReportChildCount>
  </Reporting_ReportCategory>
  <Reporting_ReportCategory>
    <CategoryID>290</CategoryID>
    <CategoryDisplayName>Scoring</CategoryDisplayName>
    <CategoryCodeName>Scoring</CategoryCodeName>
    <CategoryGUID>6d09b136-829a-499f-8ed5-70d97d87654b</CategoryGUID>
    <CategoryLastModified>2017-03-03T13:19:47.7008454+01:00</CategoryLastModified>
    <CategoryParentID>289</CategoryParentID>
    <CategoryPath>/OnlineMarketing/Scoring</CategoryPath>
    <CategoryLevel>2</CategoryLevel>
    <CategoryChildCount>0</CategoryChildCount>
    <CategoryReportChildCount>3</CategoryReportChildCount>
  </Reporting_ReportCategory>
  <Reporting_ReportCategory>
    <CategoryID>298</CategoryID>
    <CategoryDisplayName>Impressions</CategoryDisplayName>
    <CategoryCodeName>BannerManagementHits</CategoryCodeName>
    <CategoryGUID>27bbaae4-fdf7-4a92-9cf4-021fb8d3b466</CategoryGUID>
    <CategoryLastModified>2017-03-03T13:19:46.128386+01:00</CategoryLastModified>
    <CategoryParentID>297</CategoryParentID>
    <CategoryPath>/BannerManagement/BannerManagementHits</CategoryPath>
    <CategoryLevel>2</CategoryLevel>
    <CategoryChildCount>0</CategoryChildCount>
    <CategoryReportChildCount>5</CategoryReportChildCount>
  </Reporting_ReportCategory>
  <Reporting_ReportCategory>
    <CategoryID>299</CategoryID>
    <CategoryDisplayName>Clicks</CategoryDisplayName>
    <CategoryCodeName>BannerManamentClicks</CategoryCodeName>
    <CategoryGUID>cc317ba7-8c99-4a6c-9f04-be0e620e7dc6</CategoryGUID>
    <CategoryLastModified>2017-03-03T13:19:46.1475448+01:00</CategoryLastModified>
    <CategoryParentID>297</CategoryParentID>
    <CategoryPath>/BannerManagement/BannerManamentClicks</CategoryPath>
    <CategoryLevel>2</CategoryLevel>
    <CategoryChildCount>0</CategoryChildCount>
    <CategoryReportChildCount>5</CategoryReportChildCount>
  </Reporting_ReportCategory>
  <Reporting_ReportCategory>
    <CategoryID>361</CategoryID>
    <CategoryDisplayName>{$sm.twitter$}</CategoryDisplayName>
    <CategoryCodeName>Twitter</CategoryCodeName>
    <CategoryGUID>f3598ec9-cc5e-482a-84c5-bf9686e7ee8c</CategoryGUID>
    <CategoryLastModified>2017-03-03T13:19:47.9672999+01:00</CategoryLastModified>
    <CategoryParentID>350</CategoryParentID>
    <CategoryPath>/SocialMarketing/Twitter</CategoryPath>
    <CategoryLevel>2</CategoryLevel>
    <CategoryChildCount>2</CategoryChildCount>
    <CategoryReportChildCount>0</CategoryReportChildCount>
  </Reporting_ReportCategory>
  <Reporting_ReportCategory>
    <CategoryID>402</CategoryID>
    <CategoryDisplayName>{$sm.linkedin$}</CategoryDisplayName>
    <CategoryCodeName>LinkedIn</CategoryCodeName>
    <CategoryGUID>db173966-d865-4c65-8daa-3f964bb2af7b</CategoryGUID>
    <CategoryLastModified>2017-03-03T13:19:46.7358201+01:00</CategoryLastModified>
    <CategoryParentID>350</CategoryParentID>
    <CategoryPath>/SocialMarketing/LinkedIn</CategoryPath>
    <CategoryLevel>2</CategoryLevel>
    <CategoryChildCount>9</CategoryChildCount>
    <CategoryReportChildCount>0</CategoryReportChildCount>
  </Reporting_ReportCategory>
  <Reporting_ReportCategory>
    <CategoryID>351</CategoryID>
    <CategoryDisplayName>{$sm.facebook$}</CategoryDisplayName>
    <CategoryCodeName>Facebook</CategoryCodeName>
    <CategoryGUID>91de0408-201a-4012-b4f7-85c2355563de</CategoryGUID>
    <CategoryLastModified>2017-03-03T13:19:46.4958953+01:00</CategoryLastModified>
    <CategoryParentID>350</CategoryParentID>
    <CategoryPath>/SocialMarketing/Facebook</CategoryPath>
    <CategoryLevel>2</CategoryLevel>
    <CategoryChildCount>20</CategoryChildCount>
    <CategoryReportChildCount>0</CategoryReportChildCount>
  </Reporting_ReportCategory>
  <Reporting_ReportCategory>
    <CategoryID>416</CategoryID>
    <CategoryDisplayName>Average conversion value (MVC)</CategoryDisplayName>
    <CategoryCodeName>AverageConversionValue_MVC</CategoryCodeName>
    <CategoryGUID>e771dfce-a2a4-4fc2-aaca-122b4c3d8624</CategoryGUID>
    <CategoryLastModified>2019-06-27T12:35:40.3730013+02:00</CategoryLastModified>
    <CategoryParentID>412</CategoryParentID>
    <CategoryPath>/A_BTesting_MVC/AverageConversionValue_MVC</CategoryPath>
    <CategoryLevel>2</CategoryLevel>
    <CategoryChildCount>0</CategoryChildCount>
    <CategoryReportChildCount>3</CategoryReportChildCount>
  </Reporting_ReportCategory>
  <Reporting_ReportCategory>
    <CategoryID>413</CategoryID>
    <CategoryDisplayName>Conversion rate (MVC)</CategoryDisplayName>
    <CategoryCodeName>ConversionRate_MVC</CategoryCodeName>
    <CategoryGUID>d0134957-fcf7-4631-9a72-33263197ac00</CategoryGUID>
    <CategoryLastModified>2019-06-27T12:35:40.2799285+02:00</CategoryLastModified>
    <CategoryParentID>412</CategoryParentID>
    <CategoryPath>/A_BTesting_MVC/ConversionRate_MVC</CategoryPath>
    <CategoryLevel>2</CategoryLevel>
    <CategoryChildCount>0</CategoryChildCount>
    <CategoryReportChildCount>3</CategoryReportChildCount>
  </Reporting_ReportCategory>
  <Reporting_ReportCategory>
    <CategoryID>414</CategoryID>
    <CategoryDisplayName>Conversions count (MVC)</CategoryDisplayName>
    <CategoryCodeName>ConversionsCount_MVC</CategoryCodeName>
    <CategoryGUID>66d9c283-a08f-4aec-9cb6-4c57f185691b</CategoryGUID>
    <CategoryLastModified>2019-06-27T12:35:40.3102737+02:00</CategoryLastModified>
    <CategoryParentID>412</CategoryParentID>
    <CategoryPath>/A_BTesting_MVC/ConversionsCount_MVC</CategoryPath>
    <CategoryLevel>2</CategoryLevel>
    <CategoryChildCount>0</CategoryChildCount>
    <CategoryReportChildCount>3</CategoryReportChildCount>
  </Reporting_ReportCategory>
  <Reporting_ReportCategory>
    <CategoryID>415</CategoryID>
    <CategoryDisplayName>Conversion value (MVC)</CategoryDisplayName>
    <CategoryCodeName>ConversionValue_MVC</CategoryCodeName>
    <CategoryGUID>d06190c9-e9cc-4db7-ac05-3fe3fc0ecd61</CategoryGUID>
    <CategoryLastModified>2019-06-27T12:35:40.3383139+02:00</CategoryLastModified>
    <CategoryParentID>412</CategoryParentID>
    <CategoryPath>/A_BTesting_MVC/ConversionValue_MVC</CategoryPath>
    <CategoryLevel>2</CategoryLevel>
    <CategoryChildCount>0</CategoryChildCount>
    <CategoryReportChildCount>3</CategoryReportChildCount>
  </Reporting_ReportCategory>
  <Reporting_ReportCategory>
    <CategoryID>294</CategoryID>
    <CategoryDisplayName>Conversion details</CategoryDisplayName>
    <CategoryCodeName>ConversionDetals</CategoryCodeName>
    <CategoryGUID>d924f7a0-0126-4d4e-9376-3d87166c7468</CategoryGUID>
    <CategoryLastModified>2017-03-03T13:19:46.3310882+01:00</CategoryLastModified>
    <CategoryParentID>225</CategoryParentID>
    <CategoryPath>/WebAnalytics/Conversion/ConversionDetals</CategoryPath>
    <CategoryLevel>3</CategoryLevel>
    <CategoryChildCount>0</CategoryChildCount>
    <CategoryReportChildCount>1</CategoryReportChildCount>
  </Reporting_ReportCategory>
  <Reporting_ReportCategory>
    <CategoryID>295</CategoryID>
    <CategoryDisplayName>Overview</CategoryDisplayName>
    <CategoryCodeName>ConversionOverview</CategoryCodeName>
    <CategoryGUID>793d5743-d2bd-4572-bdde-c4ee8bf9c5d3</CategoryGUID>
    <CategoryLastModified>2017-03-03T13:19:46.3511982+01:00</CategoryLastModified>
    <CategoryParentID>225</CategoryParentID>
    <CategoryPath>/WebAnalytics/Conversion/ConversionOverview</CategoryPath>
    <CategoryLevel>3</CategoryLevel>
    <CategoryChildCount>0</CategoryChildCount>
    <CategoryReportChildCount>5</CategoryReportChildCount>
  </Reporting_ReportCategory>
  <Reporting_ReportCategory>
    <CategoryID>235</CategoryID>
    <CategoryDisplayName>Browser types</CategoryDisplayName>
    <CategoryCodeName>BrowserTypes</CategoryCodeName>
    <CategoryGUID>c2180ed8-6047-4414-ace0-4a6d635af4eb</CategoryGUID>
    <CategoryLastModified>2017-03-03T13:19:46.1875417+01:00</CategoryLastModified>
    <CategoryParentID>234</CategoryParentID>
    <CategoryPath>/WebAnalytics/BrowserCapabilities/BrowserTypes</CategoryPath>
    <CategoryLevel>3</CategoryLevel>
    <CategoryChildCount>0</CategoryChildCount>
    <CategoryReportChildCount>5</CategoryReportChildCount>
  </Reporting_ReportCategory>
  <Reporting_ReportCategory>
    <CategoryID>239</CategoryID>
    <CategoryDisplayName>Flash support</CategoryDisplayName>
    <CategoryCodeName>FlashSupport</CategoryCodeName>
    <CategoryGUID>bbbb6978-3842-48d8-934d-3d472c7ad2b7</CategoryGUID>
    <CategoryLastModified>2017-03-03T13:19:46.5384822+01:00</CategoryLastModified>
    <CategoryParentID>234</CategoryParentID>
    <CategoryPath>/WebAnalytics/BrowserCapabilities/FlashSupport</CategoryPath>
    <CategoryLevel>3</CategoryLevel>
    <CategoryChildCount>0</CategoryChildCount>
    <CategoryReportChildCount>5</CategoryReportChildCount>
  </Reporting_ReportCategory>
  <Reporting_ReportCategory>
    <CategoryID>237</CategoryID>
    <CategoryDisplayName>Java support</CategoryDisplayName>
    <CategoryCodeName>JavaSupport</CategoryCodeName>
    <CategoryGUID>0521d2b1-6b4a-47eb-bc6d-c8f9540f7c7c</CategoryGUID>
    <CategoryLastModified>2017-03-03T13:19:46.7011871+01:00</CategoryLastModified>
    <CategoryParentID>234</CategoryParentID>
    <CategoryPath>/WebAnalytics/BrowserCapabilities/JavaSupport</CategoryPath>
    <CategoryLevel>3</CategoryLevel>
    <CategoryChildCount>0</CategoryChildCount>
    <CategoryReportChildCount>5</CategoryReportChildCount>
  </Reporting_ReportCategory>
  <Reporting_ReportCategory>
    <CategoryID>241</CategoryID>
    <CategoryDisplayName>Operating system</CategoryDisplayName>
    <CategoryCodeName>OperatingSystem</CategoryCodeName>
    <CategoryGUID>4cf57600-fef9-4e51-8cdc-f2b07429607a</CategoryGUID>
    <CategoryLastModified>2017-03-03T13:19:46.9303866+01:00</CategoryLastModified>
    <CategoryParentID>234</CategoryParentID>
    <CategoryPath>/WebAnalytics/BrowserCapabilities/OperatingSystem</CategoryPath>
    <CategoryLevel>3</CategoryLevel>
    <CategoryChildCount>0</CategoryChildCount>
    <CategoryReportChildCount>5</CategoryReportChildCount>
  </Reporting_ReportCategory>
  <Reporting_ReportCategory>
    <CategoryID>240</CategoryID>
    <CategoryDisplayName>Screen colors</CategoryDisplayName>
    <CategoryCodeName>ScreenColors</CategoryCodeName>
    <CategoryGUID>4522b3bf-43a9-4b69-a542-2fcd2d188724</CategoryGUID>
    <CategoryLastModified>2017-03-03T13:19:47.7192858+01:00</CategoryLastModified>
    <CategoryParentID>234</CategoryParentID>
    <CategoryPath>/WebAnalytics/BrowserCapabilities/ScreenColors</CategoryPath>
    <CategoryLevel>3</CategoryLevel>
    <CategoryChildCount>0</CategoryChildCount>
    <CategoryReportChildCount>5</CategoryReportChildCount>
  </Reporting_ReportCategory>
  <Reporting_ReportCategory>
    <CategoryID>236</CategoryID>
    <CategoryDisplayName>Screen resolution</CategoryDisplayName>
    <CategoryCodeName>ScreenResolution</CategoryCodeName>
    <CategoryGUID>1d197150-65da-44ea-9dab-473e445fabd8</CategoryGUID>
    <CategoryLastModified>2017-03-03T13:19:47.7434949+01:00</CategoryLastModified>
    <CategoryParentID>234</CategoryParentID>
    <CategoryPath>/WebAnalytics/BrowserCapabilities/ScreenResolution</CategoryPath>
    <CategoryLevel>3</CategoryLevel>
    <CategoryChildCount>0</CategoryChildCount>
    <CategoryReportChildCount>5</CategoryReportChildCount>
  </Reporting_ReportCategory>
  <Reporting_ReportCategory>
    <CategoryID>238</CategoryID>
    <CategoryDisplayName>Silverlight support</CategoryDisplayName>
    <CategoryCodeName>SilverlightSupport</CategoryCodeName>
    <CategoryGUID>dbe08781-6f41-46ae-b6c1-4bab17c0dc13</CategoryGUID>
    <CategoryLastModified>2017-03-03T13:19:47.8836369+01:00</CategoryLastModified>
    <CategoryParentID>234</CategoryParentID>
    <CategoryPath>/WebAnalytics/BrowserCapabilities/SilverlightSupport</CategoryPath>
    <CategoryLevel>3</CategoryLevel>
    <CategoryChildCount>0</CategoryChildCount>
    <CategoryReportChildCount>5</CategoryReportChildCount>
  </Reporting_ReportCategory>
  <Reporting_ReportCategory>
    <CategoryID>364</CategoryID>
    <CategoryDisplayName>{$sm.ins.facebook.page_consumptions$}</CategoryDisplayName>
    <CategoryCodeName>PageConsumptions</CategoryCodeName>
    <CategoryGUID>6a10c49a-bb92-4cf6-bfb9-afeccae1c6b4</CategoryGUID>
    <CategoryLastModified>2017-03-03T13:19:46.9689724+01:00</CategoryLastModified>
    <CategoryParentID>351</CategoryParentID>
    <CategoryPath>/SocialMarketing/Facebook/PageConsumptions</CategoryPath>
    <CategoryLevel>3</CategoryLevel>
    <CategoryChildCount>0</CategoryChildCount>
    <CategoryReportChildCount>4</CategoryReportChildCount>
  </Reporting_ReportCategory>
  <Reporting_ReportCategory>
    <CategoryID>375</CategoryID>
    <CategoryDisplayName>{$sm.ins.facebook.page_consumptions_by_consumption_type$}</CategoryDisplayName>
    <CategoryCodeName>PageConsumptionsByConsumptionType</CategoryCodeName>
    <CategoryGUID>0dac23ed-1056-47cf-9cda-551b37227820</CategoryGUID>
    <CategoryLastModified>2017-03-03T13:19:47.0086588+01:00</CategoryLastModified>
    <CategoryParentID>351</CategoryParentID>
    <CategoryPath>/SocialMarketing/Facebook/PageConsumptionsByConsumptionType</CategoryPath>
    <CategoryLevel>3</CategoryLevel>
    <CategoryChildCount>0</CategoryChildCount>
    <CategoryReportChildCount>4</CategoryReportChildCount>
  </Reporting_ReportCategory>
  <Reporting_ReportCategory>
    <CategoryID>365</CategoryID>
    <CategoryDisplayName>{$sm.ins.facebook.page_engaged_users$}</CategoryDisplayName>
    <CategoryCodeName>PageEngagedUsers</CategoryCodeName>
    <CategoryGUID>89722722-da59-4ef7-a6ae-a79060e20257</CategoryGUID>
    <CategoryLastModified>2017-03-03T13:19:47.0288973+01:00</CategoryLastModified>
    <CategoryParentID>351</CategoryParentID>
    <CategoryPath>/SocialMarketing/Facebook/PageEngagedUsers</CategoryPath>
    <CategoryLevel>3</CategoryLevel>
    <CategoryChildCount>0</CategoryChildCount>
    <CategoryReportChildCount>4</CategoryReportChildCount>
  </Reporting_ReportCategory>
  <Reporting_ReportCategory>
    <CategoryID>360</CategoryID>
    <CategoryDisplayName>{$sm.ins.facebook.page_fan_adds_and_removes$}</CategoryDisplayName>
    <CategoryCodeName>PageFanAddsAndRemoves</CategoryCodeName>
    <CategoryGUID>96408c74-1d6c-4650-a0aa-86f47e317ad4</CategoryGUID>
    <CategoryLastModified>2017-03-03T13:19:47.0594385+01:00</CategoryLastModified>
    <CategoryParentID>351</CategoryParentID>
    <CategoryPath>/SocialMarketing/Facebook/PageFanAddsAndRemoves</CategoryPath>
    <CategoryLevel>3</CategoryLevel>
    <CategoryChildCount>0</CategoryChildCount>
    <CategoryReportChildCount>4</CategoryReportChildCount>
  </Reporting_ReportCategory>
  <Reporting_ReportCategory>
    <CategoryID>353</CategoryID>
    <CategoryDisplayName>{$sm.ins.facebook.page_fans$}</CategoryDisplayName>
    <CategoryCodeName>PageFans</CategoryCodeName>
    <CategoryGUID>9ec39753-43d6-45a2-bb6a-d72e1df70067</CategoryGUID>
    <CategoryLastModified>2017-03-03T13:19:47.0866241+01:00</CategoryLastModified>
    <CategoryParentID>351</CategoryParentID>
    <CategoryPath>/SocialMarketing/Facebook/PageFans</CategoryPath>
    <CategoryLevel>3</CategoryLevel>
    <CategoryChildCount>0</CategoryChildCount>
    <CategoryReportChildCount>4</CategoryReportChildCount>
  </Reporting_ReportCategory>
  <Reporting_ReportCategory>
    <CategoryID>376</CategoryID>
    <CategoryDisplayName>{$sm.ins.facebook.page_fans_by_like_source$}</CategoryDisplayName>
    <CategoryCodeName>PageFansByLikeSource</CategoryCodeName>
    <CategoryGUID>d9b8739a-cca6-4fa9-9929-83de583fa211</CategoryGUID>
    <CategoryLastModified>2017-03-03T13:19:47.1185916+01:00</CategoryLastModified>
    <CategoryParentID>351</CategoryParentID>
    <CategoryPath>/SocialMarketing/Facebook/PageFansByLikeSource</CategoryPath>
    <CategoryLevel>3</CategoryLevel>
    <CategoryChildCount>0</CategoryChildCount>
    <CategoryReportChildCount>4</CategoryReportChildCount>
  </Reporting_ReportCategory>
  <Reporting_ReportCategory>
    <CategoryID>368</CategoryID>
    <CategoryDisplayName>{$sm.ins.facebook.page_fans_city$}</CategoryDisplayName>
    <CategoryCodeName>PageFansCity</CategoryCodeName>
    <CategoryGUID>12f61535-60bc-4719-9b2e-9de9d6ee37b4</CategoryGUID>
    <CategoryLastModified>2017-03-03T13:19:47.1418948+01:00</CategoryLastModified>
    <CategoryParentID>351</CategoryParentID>
    <CategoryPath>/SocialMarketing/Facebook/PageFansCity</CategoryPath>
    <CategoryLevel>3</CategoryLevel>
    <CategoryChildCount>0</CategoryChildCount>
    <CategoryReportChildCount>4</CategoryReportChildCount>
  </Reporting_ReportCategory>
  <Reporting_ReportCategory>
    <CategoryID>370</CategoryID>
    <CategoryDisplayName>{$sm.ins.facebook.page_fans_country$}</CategoryDisplayName>
    <CategoryCodeName>PageFansCountry</CategoryCodeName>
    <CategoryGUID>3d9fb3d3-743d-4a75-a1c3-e2990653f4ca</CategoryGUID>
    <CategoryLastModified>2017-03-03T13:19:47.1623433+01:00</CategoryLastModified>
    <CategoryParentID>351</CategoryParentID>
    <CategoryPath>/SocialMarketing/Facebook/PageFansCountry</CategoryPath>
    <CategoryLevel>3</CategoryLevel>
    <CategoryChildCount>0</CategoryChildCount>
    <CategoryReportChildCount>4</CategoryReportChildCount>
  </Reporting_ReportCategory>
  <Reporting_ReportCategory>
    <CategoryID>371</CategoryID>
    <CategoryDisplayName>{$sm.ins.facebook.page_fans_gender_age$}</CategoryDisplayName>
    <CategoryCodeName>PageFansGenderAge</CategoryCodeName>
    <CategoryGUID>d8e4e600-603a-4f05-9cec-ae9a30e6525e</CategoryGUID>
    <CategoryLastModified>2017-03-03T13:19:47.1837654+01:00</CategoryLastModified>
    <CategoryParentID>351</CategoryParentID>
    <CategoryPath>/SocialMarketing/Facebook/PageFansGenderAge</CategoryPath>
    <CategoryLevel>3</CategoryLevel>
    <CategoryChildCount>0</CategoryChildCount>
    <CategoryReportChildCount>4</CategoryReportChildCount>
  </Reporting_ReportCategory>
  <Reporting_ReportCategory>
    <CategoryID>367</CategoryID>
    <CategoryDisplayName>{$sm.ins.facebook.page_fans_locale$}</CategoryDisplayName>
    <CategoryCodeName>PageFansLocale</CategoryCodeName>
    <CategoryGUID>8b9dc8f4-6970-4789-a8f7-70a2402ee326</CategoryGUID>
    <CategoryLastModified>2017-03-03T13:19:47.2049676+01:00</CategoryLastModified>
    <CategoryParentID>351</CategoryParentID>
    <CategoryPath>/SocialMarketing/Facebook/PageFansLocale</CategoryPath>
    <CategoryLevel>3</CategoryLevel>
    <CategoryChildCount>0</CategoryChildCount>
    <CategoryReportChildCount>4</CategoryReportChildCount>
  </Reporting_ReportCategory>
  <Reporting_ReportCategory>
    <CategoryID>357</CategoryID>
    <CategoryDisplayName>{$sm.ins.facebook.page_impressions$}</CategoryDisplayName>
    <CategoryCodeName>PageImpressions</CategoryCodeName>
    <CategoryGUID>31bd2ba9-f1b3-49bd-a313-0d6e16576b2e</CategoryGUID>
    <CategoryLastModified>2017-03-03T13:19:47.2272703+01:00</CategoryLastModified>
    <CategoryParentID>351</CategoryParentID>
    <CategoryPath>/SocialMarketing/Facebook/PageImpressions</CategoryPath>
    <CategoryLevel>3</CategoryLevel>
    <CategoryChildCount>0</CategoryChildCount>
    <CategoryReportChildCount>4</CategoryReportChildCount>
  </Reporting_ReportCategory>
  <Reporting_ReportCategory>
    <CategoryID>366</CategoryID>
    <CategoryDisplayName>{$sm.ins.facebook.page_negative_feedback$}</CategoryDisplayName>
    <CategoryCodeName>PageNegativeFeedback</CategoryCodeName>
    <CategoryGUID>bc74f28e-8241-4be2-9c25-e5b088c69d97</CategoryGUID>
    <CategoryLastModified>2017-03-03T13:19:47.2583009+01:00</CategoryLastModified>
    <CategoryParentID>351</CategoryParentID>
    <CategoryPath>/SocialMarketing/Facebook/PageNegativeFeedback</CategoryPath>
    <CategoryLevel>3</CategoryLevel>
    <CategoryChildCount>0</CategoryChildCount>
    <CategoryReportChildCount>4</CategoryReportChildCount>
  </Reporting_ReportCategory>
  <Reporting_ReportCategory>
    <CategoryID>355</CategoryID>
    <CategoryDisplayName>{$sm.ins.facebook.page_posts_impressions$}</CategoryDisplayName>
    <CategoryCodeName>PagePosts-Impressions</CategoryCodeName>
    <CategoryGUID>e8b26366-4dfe-47ce-b228-81714db6c0b5</CategoryGUID>
    <CategoryLastModified>2017-03-03T13:19:47.2873023+01:00</CategoryLastModified>
    <CategoryParentID>351</CategoryParentID>
    <CategoryPath>/SocialMarketing/Facebook/PagePosts-Impressions</CategoryPath>
    <CategoryLevel>3</CategoryLevel>
    <CategoryChildCount>0</CategoryChildCount>
    <CategoryReportChildCount>4</CategoryReportChildCount>
  </Reporting_ReportCategory>
  <Reporting_ReportCategory>
    <CategoryID>352</CategoryID>
    <CategoryDisplayName>{$sm.ins.facebook.page_stories$}</CategoryDisplayName>
    <CategoryCodeName>PageStories</CategoryCodeName>
    <CategoryGUID>e777a12a-7f7e-433c-8241-73d6b1539843</CategoryGUID>
    <CategoryLastModified>2017-03-03T13:19:47.3449574+01:00</CategoryLastModified>
    <CategoryParentID>351</CategoryParentID>
    <CategoryPath>/SocialMarketing/Facebook/PageStories</CategoryPath>
    <CategoryLevel>3</CategoryLevel>
    <CategoryChildCount>0</CategoryChildCount>
    <CategoryReportChildCount>4</CategoryReportChildCount>
  </Reporting_ReportCategory>
  <Reporting_ReportCategory>
    <CategoryID>372</CategoryID>
    <CategoryDisplayName>{$sm.ins.facebook.page_stories_by_story_type$}</CategoryDisplayName>
    <CategoryCodeName>PageStoriesByStoryType</CategoryCodeName>
    <CategoryGUID>2257ffc7-6c40-4d95-898b-a1e2017142ca</CategoryGUID>
    <CategoryLastModified>2017-03-03T13:19:47.3763119+01:00</CategoryLastModified>
    <CategoryParentID>351</CategoryParentID>
    <CategoryPath>/SocialMarketing/Facebook/PageStoriesByStoryType</CategoryPath>
    <CategoryLevel>3</CategoryLevel>
    <CategoryChildCount>0</CategoryChildCount>
    <CategoryReportChildCount>4</CategoryReportChildCount>
  </Reporting_ReportCategory>
  <Reporting_ReportCategory>
    <CategoryID>374</CategoryID>
    <CategoryDisplayName>{$sm.ins.facebook.page_storytellers_by_age_gender$}</CategoryDisplayName>
    <CategoryCodeName>PageStorytellersByAgeGender</CategoryCodeName>
    <CategoryGUID>6d680628-1983-4e80-90cc-6b87356f3a49</CategoryGUID>
    <CategoryLastModified>2017-03-03T13:19:47.4105489+01:00</CategoryLastModified>
    <CategoryParentID>351</CategoryParentID>
    <CategoryPath>/SocialMarketing/Facebook/PageStorytellersByAgeGender</CategoryPath>
    <CategoryLevel>3</CategoryLevel>
    <CategoryChildCount>0</CategoryChildCount>
    <CategoryReportChildCount>4</CategoryReportChildCount>
  </Reporting_ReportCategory>
  <Reporting_ReportCategory>
    <CategoryID>377</CategoryID>
    <CategoryDisplayName>{$sm.ins.facebook.page_storytellers_by_country$}</CategoryDisplayName>
    <CategoryCodeName>PageStorytellersByCountry</CategoryCodeName>
    <CategoryGUID>630e348b-d206-4f65-83ee-04bb177cf9d4</CategoryGUID>
    <CategoryLastModified>2017-03-03T13:19:47.4436749+01:00</CategoryLastModified>
    <CategoryParentID>351</CategoryParentID>
    <CategoryPath>/SocialMarketing/Facebook/PageStorytellersByCountry</CategoryPath>
    <CategoryLevel>3</CategoryLevel>
    <CategoryChildCount>0</CategoryChildCount>
    <CategoryReportChildCount>4</CategoryReportChildCount>
  </Reporting_ReportCategory>
  <Reporting_ReportCategory>
    <CategoryID>378</CategoryID>
    <CategoryDisplayName>{$sm.ins.facebook.page_storytellers_by_locale$}</CategoryDisplayName>
    <CategoryCodeName>PageStorytellersByLocale</CategoryCodeName>
    <CategoryGUID>6bec8317-a497-4186-abf6-07fd6335ae6b</CategoryGUID>
    <CategoryLastModified>2017-03-03T13:19:47.4772026+01:00</CategoryLastModified>
    <CategoryParentID>351</CategoryParentID>
    <CategoryPath>/SocialMarketing/Facebook/PageStorytellersByLocale</CategoryPath>
    <CategoryLevel>3</CategoryLevel>
    <CategoryChildCount>0</CategoryChildCount>
    <CategoryReportChildCount>4</CategoryReportChildCount>
  </Reporting_ReportCategory>
  <Reporting_ReportCategory>
    <CategoryID>373</CategoryID>
    <CategoryDisplayName>{$sm.ins.facebook.page_storytellers_by_story_type$}</CategoryDisplayName>
    <CategoryCodeName>PageStorytellersByStoryType</CategoryCodeName>
    <CategoryGUID>877ef3a3-5678-46af-a73a-6ef82f0d865c</CategoryGUID>
    <CategoryLastModified>2017-03-03T13:19:47.5039974+01:00</CategoryLastModified>
    <CategoryParentID>351</CategoryParentID>
    <CategoryPath>/SocialMarketing/Facebook/PageStorytellersByStoryType</CategoryPath>
    <CategoryLevel>3</CategoryLevel>
    <CategoryChildCount>0</CategoryChildCount>
    <CategoryReportChildCount>4</CategoryReportChildCount>
  </Reporting_ReportCategory>
  <Reporting_ReportCategory>
    <CategoryID>358</CategoryID>
    <CategoryDisplayName>{$sm.ins.facebook.page_views$}</CategoryDisplayName>
    <CategoryCodeName>PageViews_1</CategoryCodeName>
    <CategoryGUID>82edad68-d820-4b0a-a9a0-ed91a6528224</CategoryGUID>
    <CategoryLastModified>2017-03-03T13:19:47.5425331+01:00</CategoryLastModified>
    <CategoryParentID>351</CategoryParentID>
    <CategoryPath>/SocialMarketing/Facebook/PageViews_1</CategoryPath>
    <CategoryLevel>3</CategoryLevel>
    <CategoryChildCount>0</CategoryChildCount>
    <CategoryReportChildCount>4</CategoryReportChildCount>
  </Reporting_ReportCategory>
  <Reporting_ReportCategory>
    <CategoryID>362</CategoryID>
    <CategoryDisplayName>{$sm.ins.twitter_channel_followers$}</CategoryDisplayName>
    <CategoryCodeName>ChannelFollowers</CategoryCodeName>
    <CategoryGUID>60028e63-17b1-4afc-b98e-961208403bda</CategoryGUID>
    <CategoryLastModified>2017-03-03T13:19:46.2254427+01:00</CategoryLastModified>
    <CategoryParentID>361</CategoryParentID>
    <CategoryPath>/SocialMarketing/Twitter/ChannelFollowers</CategoryPath>
    <CategoryLevel>3</CategoryLevel>
    <CategoryChildCount>0</CategoryChildCount>
    <CategoryReportChildCount>4</CategoryReportChildCount>
  </Reporting_ReportCategory>
  <Reporting_ReportCategory>
    <CategoryID>363</CategoryID>
    <CategoryDisplayName>{$sm.ins.twitter.channel_mentions$}</CategoryDisplayName>
    <CategoryCodeName>ChannelMentions</CategoryCodeName>
    <CategoryGUID>205808d2-6408-4344-adcf-61001d414ad0</CategoryGUID>
    <CategoryLastModified>2017-03-03T13:19:46.245215+01:00</CategoryLastModified>
    <CategoryParentID>361</CategoryParentID>
    <CategoryPath>/SocialMarketing/Twitter/ChannelMentions</CategoryPath>
    <CategoryLevel>3</CategoryLevel>
    <CategoryChildCount>0</CategoryChildCount>
    <CategoryReportChildCount>4</CategoryReportChildCount>
  </Reporting_ReportCategory>
  <Reporting_ReportCategory>
    <CategoryID>405</CategoryID>
    <CategoryDisplayName>{$sm.ins.linkedin.click-count$}</CategoryDisplayName>
    <CategoryCodeName>ClickCount</CategoryCodeName>
    <CategoryGUID>7c36d2f3-d515-48b0-ac7a-798d00fe1d4b</CategoryGUID>
    <CategoryLastModified>2017-03-03T13:19:46.2727244+01:00</CategoryLastModified>
    <CategoryParentID>402</CategoryParentID>
    <CategoryPath>/SocialMarketing/LinkedIn/ClickCount</CategoryPath>
    <CategoryLevel>3</CategoryLevel>
    <CategoryChildCount>0</CategoryChildCount>
    <CategoryReportChildCount>4</CategoryReportChildCount>
  </Reporting_ReportCategory>
  <Reporting_ReportCategory>
    <CategoryID>406</CategoryID>
    <CategoryDisplayName>{$sm.ins.linkedin.comment-count$}</CategoryDisplayName>
    <CategoryCodeName>CommentCount</CategoryCodeName>
    <CategoryGUID>cbf71590-032c-4f3e-831d-8fc2bdcbf0ae</CategoryGUID>
    <CategoryLastModified>2017-03-03T13:19:46.2944062+01:00</CategoryLastModified>
    <CategoryParentID>402</CategoryParentID>
    <CategoryPath>/SocialMarketing/LinkedIn/CommentCount</CategoryPath>
    <CategoryLevel>3</CategoryLevel>
    <CategoryChildCount>0</CategoryChildCount>
    <CategoryReportChildCount>4</CategoryReportChildCount>
  </Reporting_ReportCategory>
  <Reporting_ReportCategory>
    <CategoryID>410</CategoryID>
    <CategoryDisplayName>{$sm.ins.linkedin.follower-count-organic$}</CategoryDisplayName>
    <CategoryCodeName>FollowerCount-Organic</CategoryCodeName>
    <CategoryGUID>a1375bbd-d2d1-45f4-b6aa-a193d4a127dd</CategoryGUID>
    <CategoryLastModified>2017-03-03T13:19:46.5736886+01:00</CategoryLastModified>
    <CategoryParentID>402</CategoryParentID>
    <CategoryPath>/SocialMarketing/LinkedIn/FollowerCount-Organic</CategoryPath>
    <CategoryLevel>3</CategoryLevel>
    <CategoryChildCount>0</CategoryChildCount>
    <CategoryReportChildCount>4</CategoryReportChildCount>
  </Reporting_ReportCategory>
  <Reporting_ReportCategory>
    <CategoryID>411</CategoryID>
    <CategoryDisplayName>{$sm.ins.linkedin.follower-count-paid$}</CategoryDisplayName>
    <CategoryCodeName>FollowerCount-Paid</CategoryCodeName>
    <CategoryGUID>2f6263c3-85c7-4347-bcb6-6a6a4ebebc19</CategoryGUID>
    <CategoryLastModified>2017-03-03T13:19:46.593673+01:00</CategoryLastModified>
    <CategoryParentID>402</CategoryParentID>
    <CategoryPath>/SocialMarketing/LinkedIn/FollowerCount-Paid</CategoryPath>
    <CategoryLevel>3</CategoryLevel>
    <CategoryChildCount>0</CategoryChildCount>
    <CategoryReportChildCount>4</CategoryReportChildCount>
  </Reporting_ReportCategory>
  <Reporting_ReportCategory>
    <CategoryID>409</CategoryID>
    <CategoryDisplayName>{$sm.ins.linkedin.follower-count-total$}</CategoryDisplayName>
    <CategoryCodeName>FollowerCount-Total</CategoryCodeName>
    <CategoryGUID>433e5776-517c-4cc9-b06f-87fa76d094ff</CategoryGUID>
    <CategoryLastModified>2017-03-03T13:19:46.6136344+01:00</CategoryLastModified>
    <CategoryParentID>402</CategoryParentID>
    <CategoryPath>/SocialMarketing/LinkedIn/FollowerCount-Total</CategoryPath>
    <CategoryLevel>3</CategoryLevel>
    <CategoryChildCount>0</CategoryChildCount>
    <CategoryReportChildCount>4</CategoryReportChildCount>
  </Reporting_ReportCategory>
  <Reporting_ReportCategory>
    <CategoryID>404</CategoryID>
    <CategoryDisplayName>{$sm.ins.linkedin.impression-count$}</CategoryDisplayName>
    <CategoryCodeName>ImpressionCount</CategoryCodeName>
    <CategoryGUID>edbe6338-f46c-4832-9300-cbe77e3ebef7</CategoryGUID>
    <CategoryLastModified>2017-03-03T13:19:46.6591061+01:00</CategoryLastModified>
    <CategoryParentID>402</CategoryParentID>
    <CategoryPath>/SocialMarketing/LinkedIn/ImpressionCount</CategoryPath>
    <CategoryLevel>3</CategoryLevel>
    <CategoryChildCount>0</CategoryChildCount>
    <CategoryReportChildCount>4</CategoryReportChildCount>
  </Reporting_ReportCategory>
  <Reporting_ReportCategory>
    <CategoryID>403</CategoryID>
    <CategoryDisplayName>{$sm.ins.linkedin.like-count$}</CategoryDisplayName>
    <CategoryCodeName>LikeCount</CategoryCodeName>
    <CategoryGUID>98bff162-472e-4b8b-8d7f-4c7da7e1a676</CategoryGUID>
    <CategoryLastModified>2017-03-03T13:19:46.7186958+01:00</CategoryLastModified>
    <CategoryParentID>402</CategoryParentID>
    <CategoryPath>/SocialMarketing/LinkedIn/LikeCount</CategoryPath>
    <CategoryLevel>3</CategoryLevel>
    <CategoryChildCount>0</CategoryChildCount>
    <CategoryReportChildCount>4</CategoryReportChildCount>
  </Reporting_ReportCategory>
  <Reporting_ReportCategory>
    <CategoryID>407</CategoryID>
    <CategoryDisplayName>{$sm.ins.linkedin.share-count$}</CategoryDisplayName>
    <CategoryCodeName>ShareCount</CategoryCodeName>
    <CategoryGUID>ac199113-2b24-46a2-a7e8-277bf93efc19</CategoryGUID>
    <CategoryLastModified>2017-03-03T13:19:47.8644318+01:00</CategoryLastModified>
    <CategoryParentID>402</CategoryParentID>
    <CategoryPath>/SocialMarketing/LinkedIn/ShareCount</CategoryPath>
    <CategoryLevel>3</CategoryLevel>
    <CategoryChildCount>0</CategoryChildCount>
    <CategoryReportChildCount>4</CategoryReportChildCount>
  </Reporting_ReportCategory>
  <Reporting_ReportCategory>
    <CategoryID>408</CategoryID>
    <CategoryDisplayName>{$sm.ins.linkedin.unique-count$}</CategoryDisplayName>
    <CategoryCodeName>UniqueCount</CategoryCodeName>
    <CategoryGUID>27d4e669-1ffc-417d-aeaf-5aa3b5e03c51</CategoryGUID>
    <CategoryLastModified>2017-03-03T13:19:47.9856277+01:00</CategoryLastModified>
    <CategoryParentID>402</CategoryParentID>
    <CategoryPath>/SocialMarketing/LinkedIn/UniqueCount</CategoryPath>
    <CategoryLevel>3</CategoryLevel>
    <CategoryChildCount>0</CategoryChildCount>
    <CategoryReportChildCount>4</CategoryReportChildCount>
  </Reporting_ReportCategory>
</NewDataSet>